mRNA,miR
NPTN,MIMAT0000416
SOX5,MIMAT0000416
WEE1,MIMAT0000416
ANKRD29,MIMAT0000416
POGK,MIMAT0000416
SLC25A22,MIMAT0000416
NETO2,MIMAT0000416
RASA1,MIMAT0000416
UTRN,MIMAT0000416
E2F5,MIMAT0000416
TNS4,MIMAT0000416
FOXP1,MIMAT0000098
RNF144B,MIMAT0000098
RAP1B,MIMAT0000098
TSC22D1,MIMAT0000098
VPS45,MIMAT0000098
IFIT3,MIMAT0000098
GFOD1,MIMAT0000098
PLK1,MIMAT0000098
FLT1,MIMAT0000098
ABLIM1,MIMAT0000098
PTPN9,MIMAT0000098
ACSL3,MIMAT0000098
MAP4,MIMAT0000098
CREB5,MIMAT0005824
SETD1B,MIMAT0005824
RORA,MIMAT0005824
GRIN2B,MIMAT0005824
ATXN1,MIMAT0005899
TCF20,MIMAT0005899
EFHD2,MIMAT0005899
LGALS8,MIMAT0000446
XRCC3,MIMAT0000446
DAGLA,MIMAT0000446
BCL6,MIMAT0000446
BAG5,MIMAT0000446
RAB5C,MIMAT0000427
ZBTB37,MIMAT0000427
TPM3,MIMAT0000427
ZNF704,MIMAT0000427
CACNA1C,MIMAT0000427
ANXA2,MIMAT0000427
BCL2L1,MIMAT0000427
POU2F2,MIMAT0000427
RNF168,MIMAT0000427
SGMS2,MIMAT0000427
SNX33,MIMAT0000427
MLEC,MIMAT0000427
RBPJ,MIMAT0000427
FAM120C,MIMAT0000427
SENP1,MIMAT0000427
PLEKHA3,MIMAT0000427
MMP14,MIMAT0000427
CCNI,MIMAT0000427
SUPT16H,MIMAT0000427
KPNA6,MIMAT0000427
CDC42,MIMAT0000427
NGFR,MIMAT0000427
SP1,MIMAT0000427
TAGLN2,MIMAT0000427
ERG,MIMAT0000427
FOSL2,MIMAT0000427
CASP9,MIMAT0000427
NFAM1,MIMAT0000427
IGF1R,MIMAT0000427
CNN2,MIMAT0000427
MC2R,MIMAT0000427
PDLIM5,MIMAT0000427
SNX30,MIMAT0000427
TRIM71,MIMAT0000427
ISCU,MIMAT0000447
PUM2,MIMAT0000447
IL6ST,MIMAT0000447
ERGIC1,MIMAT0000447
DCP2,MIMAT0000447
POTED,MIMAT0000447
SSX5,MIMAT0000447
RAB27A,MIMAT0000447
IL17REL,MIMAT0000447
GABRB2,MIMAT0000447
ZDHHC9,MIMAT0000447
SURF4,MIMAT0000447
OPRM1,MIMAT0000447
KCTD5,MIMAT0000447
FOXM1,MIMAT0000447
SOX17,MIMAT0000447
HIVEP3,MIMAT0000447
MED28,MIMAT0000447
FIBCD1,MIMAT0000447
GNL1,MIMAT0000447
PLAGL2,MIMAT0000447
COX8A,MIMAT0000447
EIF4EBP2,MIMAT0000447
RCAN1,MIMAT0000447
ZNF621,MIMAT0000447
TP53INP1,MIMAT0000447
ATXN7L3B,MIMAT0000447
MAPKAPK5,MIMAT0000447
ZNF440,MIMAT0000447
ADAT1,MIMAT0000447
TPM3,MIMAT0004607
ERGIC1,MIMAT0004607
ATP6V1A,MIMAT0004607
CSNK2A1,MIMAT0004607
PEX5L,MIMAT0004607
SLC46A1,MIMAT0004607
CYBRD1,MIMAT0004607
GNA13,MIMAT0004607
PAG1,MIMAT0004607
MECP2,MIMAT0004607
IGFBP4,MIMAT0004607
YY1,MIMAT0004607
RSBN1,MIMAT0004607
EIF4EBP1,MIMAT0000430
RHOC,MIMAT0000430
DMKN,MIMAT0000430
DNAJB6,MIMAT0000430
NFKB1,MIMAT0000430
LNPEP,MIMAT0000430
TERT,MIMAT0000430
ZMYND11,MIMAT0000430
EID1,MIMAT0000430
YAP1,MIMAT0000430
MXD1,MIMAT0000430
MEAF6,MIMAT0000430
IGF2BP1,MIMAT0000430
BLCAP,MIMAT0000430
CELF1,MIMAT0000430
S100A1,MIMAT0000430
FOXC1,MIMAT0000430
CDH2,MIMAT0000430
RPA1,MIMAT0000430
IGLON5,MIMAT0000430
CCND1,MIMAT0000430
BCL11A,MIMAT0000430
ZNF426,MIMAT0000430
PHKG2,MIMAT0000430
VWA1,MIMAT0004552
ZBTB7A,MIMAT0004552
PXN,MIMAT0004552
GFRA1,MIMAT0004552
SYT7,MIMAT0004552
KANK2,MIMAT0004552
PKIA,MIMAT0004552
THY1,MIMAT0004552
UCP2,MIMAT0004552
BCAR1,MIMAT0004552
PNPO,MIMAT0004552
ORAI2,MIMAT0004552
CHEK1,MIMAT0004552
AKT1S1,MIMAT0004552
PAX5,MIMAT0004552
SORBS2,MIMAT0004552
CDC37,MIMAT0004552
HLA-A,MIMAT0004552
YY1,MIMAT0004552
B2M,MIMAT0004552
ZSWIM7,MIMAT0004552
KRT80,MIMAT0004552
ZNF570,MIMAT0004552
ZNF585B,MIMAT0004552
ZMIZ2,MIMAT0004552
HSP90AA1,MIMAT0000250
LCOR,MIMAT0000250
PDE4D,MIMAT0000250
BCL2,MIMAT0000250
B3GALNT2,MIMAT0000250
ZBTB34,MIMAT0000250
PDE4DIP,MIMAT0000250
ARHGAP32,MIMAT0000250
MLEC,MIMAT0000250
RAP1B,MIMAT0000250
PEX5L,MIMAT0000250
NR5A2,MIMAT0000250
CTTNBP2NL,MIMAT0000250
KCNQ5,MIMAT0000250
TMC7,MIMAT0000250
RREB1,MIMAT0000250
PIK3CA,MIMAT0000250
SUGT1,MIMAT0000250
DDX6,MIMAT0000250
HNRNPF,MIMAT0000250
DCBLD2,MIMAT0000250
ZNF431,MIMAT0000250
BCL2L15,MIMAT0000250
KIAA0895,MIMAT0000433
CAPZA1,MIMAT0000433
PRKCB,MIMAT0000433
FNDC3A,MIMAT0000436
IRS1,MIMAT0000436
TEX9,MIMAT0000436
ADARB2,MIMAT0004600
SMAD4,MIMAT0004600
SOD2,MIMAT0004600
BLMH,MIMAT0004600
REL,MIMAT0004766
ATXN1,MIMAT0004766
TPM3,MIMAT0004766
KY,MIMAT0004766
SLC12A7,MIMAT0004766
KLHDC8B,MIMAT0004766
POLR3G,MIMAT0004766
BIVM,MIMAT0004766
PTGS1,MIMAT0004766
OLFML2A,MIMAT0004766
APOL6,MIMAT0004766
BLCAP,MIMAT0004766
RAB8A,MIMAT0004766
MAT2A,MIMAT0004766
LSM4,MIMAT0004766
LIMD1,MIMAT0004766
ZNF551,MIMAT0004766
CPEB4,MIMAT0004766
GANAB,MIMAT0004766
GK5,MIMAT0004766
USP48,MIMAT0002809
LIMD2,MIMAT0002809
TMEM167A,MIMAT0002809
RUFY2,MIMAT0002809
ZNRF3,MIMAT0002809
ARL8A,MIMAT0002809
TMPRSS5,MIMAT0002809
PMAIP1,MIMAT0002809
PPP1R11,MIMAT0002809
KCTD15,MIMAT0002809
CCDC6,MIMAT0002809
AKAP8,MIMAT0002809
NOVA1,MIMAT0002809
TRAF6,MIMAT0002809
GXYLT2,MIMAT0002809
ZNF629,MIMAT0002809
UMPS,MIMAT0002809
NR2F2,MIMAT0000451
SRCIN1,MIMAT0000451
AMOTL2,MIMAT0000451
RHOH,MIMAT0000451
SLC35F5,MIMAT0000451
KCNK5,MIMAT0000451
NKD1,MIMAT0000451
PIK3C2A,MIMAT0000451
ZNF786,MIMAT0000451
HMGB1,MIMAT0000451
RABGAP1L,MIMAT0000451
ATP2B1,MIMAT0000451
TRIM65,MIMAT0000451
GOSR1,MIMAT0000451
MBD1,MIMAT0000451
TLR10,MIMAT0000451
CDC14B,MIMAT0000451
ARRB2,MIMAT0000451
VPS53,MIMAT0000451
PRKCA,MIMAT0000451
DPP9,MIMAT0000451
NME6,MIMAT0000451
RNF165,MIMAT0000451
TMEM92,MIMAT0000451
DNAJB13,MIMAT0000451
CNKSR3,MIMAT0000451
KCTD20,MIMAT0000451
RAB3IP,MIMAT0000451
BCAS4,MIMAT0000451
CNNM2,MIMAT0000451
UBOX5,MIMAT0000451
A1CF,MIMAT0000451
ZHX3,MIMAT0000451
FAM13B,MIMAT0000451
CCDC30,MIMAT0000451
S1PR1,MIMAT0000451
RAB21,MIMAT0000451
RRP1B,MIMAT0000451
DSTYK,MIMAT0000451
TRUB2,MIMAT0000451
IRAK4,MIMAT0000451
GNB5,MIMAT0000451
EPHB2,MIMAT0000451
OCIAD1,MIMAT0000451
TMEM33,MIMAT0000451
RBM41,MIMAT0000451
FGD6,MIMAT0000451
SMUG1,MIMAT0000451
TP53,MIMAT0000451
MIXL1,MIMAT0000451
FKBP9,MIMAT0000451
SLC43A2,MIMAT0000451
CDK2,MIMAT0000451
CYCS,MIMAT0000451
PAIP2B,MIMAT0000451
GATAD2B,MIMAT0000451
ZFP14,MIMAT0000451
NFYA,MIMAT0000451
NMNAT1,MIMAT0000451
ADIPOR2,MIMAT0000451
WWC2,MIMAT0000451
TMEM134,MIMAT0000451
SAR1A,MIMAT0000451
FAM185A,MIMAT0000451
RAPGEF6,MIMAT0000451
TNFAIP8L1,MIMAT0000451
ENTPD4,MIMAT0000451
MMP14,MIMAT0000451
TNFSF15,MIMAT0000451
KIF3A,MIMAT0000451
TEP1,MIMAT0000451
GPR182,MIMAT0000451
ACOX1,MIMAT0000451
PHLDA1,MIMAT0000451
FRAT2,MIMAT0000451
CBX5,MIMAT0000451
CISH,MIMAT0000451
EIF2B2,MIMAT0000451
CAMK4,MIMAT0000451
PIGR,MIMAT0000451
PSMC1,MIMAT0000451
QSOX1,MIMAT0000451
REL,MIMAT0000451
SP1,MIMAT0000451
UBE2V2,MIMAT0000451
CORO2A,MIMAT0000451
FLT3,MIMAT0000451
PIAS2,MIMAT0000451
EGR2,MIMAT0000451
PLEKHM3,MIMAT0000451
ELK1,MIMAT0000451
SYNPO2,MIMAT0000451
DDI2,MIMAT0000451
XKR4,MIMAT0000451
WDFY2,MIMAT0000451
LRRC15,MIMAT0000451
SPPL3,MIMAT0000451
ANKS4B,MIMAT0000451
NANOG,MIMAT0000451
PAK3,MIMAT0000451
TCN2,MIMAT0000451
LTBP2,MIMAT0000451
TRIM72,MIMAT0000451
RCC2,MIMAT0000438
HLA-A,MIMAT0000438
FAM104A,MIMAT0000438
CSNK2A1,MIMAT0000438
SH3PXD2A,MIMAT0000438
TNRC6B,MIMAT0000438
DTX4,MIMAT0000438
ASB6,MIMAT0000438
LDLR,MIMAT0000438
RMND5A,MIMAT0000438
WNT2B,MIMAT0000438
KLF6,MIMAT0000438
KRAS,MIMAT0000438
HSP90AA1,MIMAT0000438
LNPEP,MIMAT0000438
EMP1,MIMAT0000438
ALCAM,MIMAT0000438
NPTX1,MIMAT0000438
DDX6,MIMAT0000438
CDK19,MIMAT0000438
TGFA,MIMAT0000438
NEURL4,MIMAT0000438
CCND1,MIMAT0000438
SESN3,MIMAT0000438
PTEN,MIMAT0000438
KLF4,MIMAT0000438
DNMT1,MIMAT0000438
ABLIM1,MIMAT0000438
ABCG2,MIMAT0004558
CDKL2,MIMAT0004558
UBN2,MIMAT0004558
IL17REL,MIMAT0004558
GRAMD1B,MIMAT0004558
NOS1AP,MIMAT0004558
SEC61A2,MIMAT0004558
SMU1,MIMAT0004558
BASP1,MIMAT0004558
TEAD1,MIMAT0004558
CAMK4,MIMAT0004558
YOD1,MIMAT0000256
PDIA6,MIMAT0000256
BDNF,MIMAT0000256
PLAG1,MIMAT0000256
ETS1,MIMAT0000256
TCF4,MIMAT0000256
ENAH,MIMAT0000256
CHD9,MIMAT0000256
CAPRIN2,MIMAT0000256
TBL1XR1,MIMAT0000256
ZNF268,MIMAT0000256
RLIM,MIMAT0000256
MGAT5,MIMAT0000256
ATXN7,MIMAT0000256
RNMT,MIMAT0000256
FAM13A,MIMAT0000256
ZNF562,MIMAT0000256
TGIF2,MIMAT0000256
CDKN1A,MIMAT0000256
RGS5,MIMAT0000256
DRAM1,MIMAT0000256
PHACTR4,MIMAT0000256
COPS2,MIMAT0000256
XIAP,MIMAT0000256
NMT2,MIMAT0000256
CCDC6,MIMAT0000256
HSPA13,MIMAT0000256
EGR1,MIMAT0000256
GOT1,MIMAT0000256
IPO5,MIMAT0000256
CDKN1B,MIMAT0000256
PCDHA5,MIMAT0000256
HOOK3,MIMAT0000256
MAPK1IP1L,MIMAT0000256
MTMR12,MIMAT0000256
PTEN,MIMAT0000256
ESR1,MIMAT0000256
CPOX,MIMAT0000256
PGR,MIMAT0000256
TNRC6B,MIMAT0000256
ASB1,MIMAT0000256
ZNF253,MIMAT0000257
CBX7,MIMAT0000257
ZBTB20,MIMAT0000257
ZNF487,MIMAT0000257
DDX3X,MIMAT0000257
CCNG1,MIMAT0000257
VSNL1,MIMAT0000257
CAPRIN2,MIMAT0000257
LCLAT1,MIMAT0000257
TFRC,MIMAT0000257
TBL1XR1,MIMAT0000257
ZNF268,MIMAT0000257
C2orf69,MIMAT0000257
ZNF616,MIMAT0000257
NCOA3,MIMAT0000257
RLIM,MIMAT0000257
GANAB,MIMAT0000257
SCN8A,MIMAT0000257
CYLD,MIMAT0000257
MRPS23,MIMAT0000257
NLK,MIMAT0000257
CHMP2B,MIMAT0000257
ZBTB4,MIMAT0000257
ASB13,MIMAT0000257
PHC3,MIMAT0000257
CHD9,MIMAT0000257
KLHL15,MIMAT0000257
OTUD1,MIMAT0000257
NFIA,MIMAT0000257
ZBTB33,MIMAT0000257
NMT2,MIMAT0000257
SCD,MIMAT0000257
FOXL1,MIMAT0000257
MAN1A2,MIMAT0000257
KPNA4,MIMAT0000257
PEBP1,MIMAT0000257
CCL22,MIMAT0000257
MYO1C,MIMAT0000257
HEPHL1,MIMAT0000257
C17orf100,MIMAT0000257
ESR1,MIMAT0000257
PURB,MIMAT0000257
ZC3HAV1L,MIMAT0000257
ZNF440,MIMAT0000257
PTEN,MIMAT0000257
CPEB4,MIMAT0000257
SLC10A7,MIMAT0000257
CHCHD7,MIMAT0000257
OSBPL8,MIMAT0000257
ZNF121,MIMAT0000257
MRO,MIMAT0000262
NDUFB5,MIMAT0000262
IRF1,MIMAT0002819
SUN1,MIMAT0002819
SURF4,MIMAT0002819
BLM,MIMAT0002819
VAMP8,MIMAT0002819
KREMEN1,MIMAT0002819
TMPPE,MIMAT0002819
LMCD1,MIMAT0002819
KIT,MIMAT0002819
RASSF5,MIMAT0002819
HDGF,MIMAT0002819
AMACR,MIMAT0002819
AHDC1,MIMAT0002819
EIF4B,MIMAT0002819
TRMT2A,MIMAT0002819
NEIL2,MIMAT0002819
NAGA,MIMAT0002819
MEPCE,MIMAT0002819
ASXL1,MIMAT0002819
KIF1B,MIMAT0002819
TET3,MIMAT0002819
TSC1,MIMAT0002819
RSF1,MIMAT0002819
SPTBN2,MIMAT0002819
GOSR1,MIMAT0002819
ENAH,MIMAT0002819
MND1,MIMAT0002819
CNOT6,MIMAT0002819
MTR,MIMAT0002819
WNK1,MIMAT0002819
ACBD6,MIMAT0002819
MYO5A,MIMAT0002819
PRKCA,MIMAT0002819
PSMC5,MIMAT0002819
PIP5K1C,MIMAT0002819
TMEM164,MIMAT0002819
EEFSEC,MIMAT0002819
CLSTN1,MIMAT0002819
PARP15,MIMAT0002819
PTK7,MIMAT0002819
UBR1,MIMAT0002819
TXLNA,MIMAT0002819
TUBB,MIMAT0002819
HM13,MIMAT0002819
MCL1,MIMAT0002819
G3BP1,MIMAT0002819
MRRF,MIMAT0002819
ZNF71,MIMAT0002819
ABI2,MIMAT0002819
PMAIP1,MIMAT0002819
ARNTL2,MIMAT0002819
SLC25A15,MIMAT0002819
TNFRSF21,MIMAT0002819
ZBTB5,MIMAT0002819
ENDOD1,MIMAT0002819
ASB3,MIMAT0002819
LEF1,MIMAT0002819
HP1BP3,MIMAT0002819
PSMC3IP,MIMAT0002819
ZC3H7B,MIMAT0002819
ALKBH5,MIMAT0002819
INO80D,MIMAT0002819
ELP3,MIMAT0002819
ARMC1,MIMAT0002819
HHAT,MIMAT0002819
DNAJC11,MIMAT0002819
IPO8,MIMAT0002819
TGFBR3,MIMAT0002819
DCTN5,MIMAT0002819
ARHGAP19,MIMAT0002819
STX16,MIMAT0002819
TWF1,MIMAT0002819
BTRC,MIMAT0002819
CLPB,MIMAT0002819
CDK6,MIMAT0002819
RPS3,MIMAT0002819
SENP1,MIMAT0002819
MAZ,MIMAT0002819
CUL4A,MIMAT0002819
MAPK8,MIMAT0002819
HADHB,MIMAT0002819
PLS3,MIMAT0002819
DBNL,MIMAT0002819
STARD7,MIMAT0002819
ZNF512B,MIMAT0002819
HEATR6,MIMAT0002819
WDR82,MIMAT0002819
HHLA1,MIMAT0002819
SMAD3,MIMAT0002819
ATP1A1,MIMAT0002819
SYNRG,MIMAT0002819
PPARGC1B,MIMAT0002819
ZFYVE27,MIMAT0002819
PHF8,MIMAT0002819
CIAO1,MIMAT0002819
SYMPK,MIMAT0002819
SH3BP5,MIMAT0002819
PFN1,MIMAT0002819
RBM8A,MIMAT0002819
GDF11,MIMAT0002819
SIX1,MIMAT0002819
LASP1,MIMAT0002819
AGPAT1,MIMAT0002819
TCFL5,MIMAT0002819
ABCF2,MIMAT0002819
AHSA1,MIMAT0002819
CDC42EP4,MIMAT0002819
GCA,MIMAT0002819
SF3B3,MIMAT0002819
RACGAP1,MIMAT0002819
NDST1,MIMAT0002819
DUT,MIMAT0002819
ODC1,MIMAT0002819
VAV2,MIMAT0002819
RAB5C,MIMAT0002819
YWHAZ,MIMAT0002819
IL17RD,MIMAT0002819
SF3B2,MIMAT0002819
ANAPC1,MIMAT0002819
MYLK,MIMAT0002819
VAV3,MIMAT0002819
DHX37,MIMAT0002819
ATOH8,MIMAT0002819
ZNF3,MIMAT0002819
MAPK1IP1L,MIMAT0002819
HNRNPUL1,MIMAT0002819
BAZ2A,MIMAT0002819
CHCHD10,MIMAT0002819
FANCD2,MIMAT0002819
TMBIM1,MIMAT0002819
ESR1,MIMAT0002819
RPL22,MIMAT0002819
BICD2,MIMAT0002819
BRCC3,MIMAT0002819
KIF21A,MIMAT0000461
SBNO1,MIMAT0000461
ACVR2A,MIMAT0000461
GPR27,MIMAT0000461
TCF3,MIMAT0000461
BCL2,MIMAT0000461
KANK1,MIMAT0000461
FGF2,MIMAT0000461
ZNF275,MIMAT0000461
TMEM135,MIMAT0000461
GOSR1,MIMAT0000461
GNB1,MIMAT0000461
PLEKHA1,MIMAT0000461
AVL9,MIMAT0000461
HNRNPA2B1,MIMAT0000461
MTHFR,MIMAT0000461
CHEK1,MIMAT0000461
TBL1XR1,MIMAT0000461
RASEF,MIMAT0000461
TAB3,MIMAT0000461
CPNE1,MIMAT0000461
LRRC57,MIMAT0000461
LSM11,MIMAT0000461
RAB3IP,MIMAT0000461
CBFA2T3,MIMAT0000461
DICER1,MIMAT0000461
SMURF1,MIMAT0000461
RASSF5,MIMAT0000461
GNAL,MIMAT0000461
BSG,MIMAT0000461
UBE2V1,MIMAT0000461
CCDC80,MIMAT0000461
CYLD,MIMAT0000461
ZBTB34,MIMAT0000461
SEC61A1,MIMAT0000461
HEYL,MIMAT0000461
TSC22D2,MIMAT0000461
CPEB3,MIMAT0000461
WIPI2,MIMAT0000461
SERBP1,MIMAT0000461
AKAP11,MIMAT0000461
CDC37L1,MIMAT0000461
STX17,MIMAT0000461
RFK,MIMAT0000461
PDE4D,MIMAT0000461
BAG4,MIMAT0000461
BZW1,MIMAT0000461
CCNE1,MIMAT0000461
CCNT1,MIMAT0000461
CCNT2,MIMAT0000461
TPI1,MIMAT0000461
SHOC2,MIMAT0000461
DNAJC10,MIMAT0000461
ABCB7,MIMAT0000461
CDV3,MIMAT0000461
ETNK1,MIMAT0000461
C21orf62,MIMAT0000461
MIB1,MIMAT0000461
TAOK1,MIMAT0000461
RPRD1B,MIMAT0000461
PPP1R11,MIMAT0000461
HAUS3,MIMAT0000461
DCAF17,MIMAT0000461
GABARAPL1,MIMAT0000461
LUZP1,MIMAT0000461
SMAD3,MIMAT0000461
TKTL1,MIMAT0000461
VEGFA,MIMAT0000461
MECP2,MIMAT0000461
THRAP3,MIMAT0000461
CD180,MIMAT0000461
ACTR2,MIMAT0000461
ARIH1,MIMAT0000461
PURA,MIMAT0000461
MLLT6,MIMAT0000461
PSKH1,MIMAT0000461
YWHAQ,MIMAT0000461
VPS4A,MIMAT0000461
RACGAP1,MIMAT0000461
VCL,MIMAT0000461
SOCS5,MIMAT0000461
OCRL,MIMAT0000461
KPNA1,MIMAT0000461
PAFAH1B2,MIMAT0000461
CCL4,MIMAT0000461
SNCG,MIMAT0000461
CREG1,MIMAT0000461
ARHGDIA,MIMAT0000461
MAP4K2,MIMAT0000461
RAPH1,MIMAT0000461
MAFK,MIMAT0000461
ENTPD6,MIMAT0000461
APP,MIMAT0000461
SH3BGRL2,MIMAT0000461
KATNAL1,MIMAT0000461
GNAT1,MIMAT0000461
ZNF585B,MIMAT0000461
YTHDC1,MIMAT0000461
ZNF284,MIMAT0000461
TSPAN3,MIMAT0000232
FGF2,MIMAT0000232
LIN54,MIMAT0000232
CCDC80,MIMAT0000232
CCNL1,MIMAT0000232
FOXA2,MIMAT0000232
TFAM,MIMAT0000232
MET,MIMAT0000232
MAPK9,MIMAT0000232
SOD2,MIMAT0000232
HGF,MIMAT0000232
PAK4,MIMAT0000232
DDX3X,MIMAT0000231
CSNK2A1,MIMAT0000231
TMOD2,MIMAT0000231
SLC8A1,MIMAT0000231
CSGALNACT1,MIMAT0000231
VPS53,MIMAT0000231
HK2,MIMAT0000231
TFDP2,MIMAT0000231
DNAJA4,MIMAT0000231
ZNF544,MIMAT0000231
RNF115,MIMAT0000231
RAB21,MIMAT0000231
LAX1,MIMAT0000231
HIF1A,MIMAT0000231
MAP3K9,MIMAT0000231
SMARCA2,MIMAT0000231
POLR2F,MIMAT0000231
MECP2,MIMAT0000231
CDH2,MIMAT0000231
COL19A1,MIMAT0000231
POLA2,MIMAT0000231
TGFB2,MIMAT0000231
PODXL,MIMAT0000231
TSPAN3,MIMAT0004563
FGF2,MIMAT0004563
LIN54,MIMAT0004563
CCDC80,MIMAT0004563
CCNL1,MIMAT0004563
MET,MIMAT0004563
SOD2,MIMAT0004563
PAK4,MIMAT0004563
ZNF394,MIMAT0000263
JAG1,MIMAT0000263
CSGALNACT1,MIMAT0000263
CSNK2A1,MIMAT0000263
EXTL3,MIMAT0000263
KIT,MIMAT0000263
CCNL1,MIMAT0000263
OXSR1,MIMAT0000263
HES1,MIMAT0000263
POLA2,MIMAT0000263
PDE11A,MIMAT0000263
ZNF846,MIMAT0000263
CHCHD4,MIMAT0000263
DDI2,MIMAT0000263
ZNF584,MIMAT0000263
SLC26A2,MIMAT0000263
PODXL,MIMAT0000263
ADAT2,MIMAT0000265
ANKFY1,MIMAT0000265
CHCHD3,MIMAT0000265
CD44,MIMAT0000265
MTA3,MIMAT0000265
TLK2,MIMAT0000265
HOXA10,MIMAT0000265
ZBTB20,MIMAT0000265
CTSC,MIMAT0000265
CLNK,MIMAT0000265
NR3C1,MIMAT0000265
ENAH,MIMAT0000265
LRRC55,MIMAT0000265
CDH11,MIMAT0000265
TCF4,MIMAT0000265
SRGAP1,MIMAT0000265
POU2F1,MIMAT0000265
TRPM3,MIMAT0000265
SYT6,MIMAT0000265
ATP2B1,MIMAT0000265
CAMK2G,MIMAT0000265
PRKAR1A,MIMAT0000265
RUNX2,MIMAT0000265
NTRK2,MIMAT0000265
WNK3,MIMAT0000265
CDH8,MIMAT0000265
POU2F2,MIMAT0000265
AGAP1,MIMAT0000265
IKZF2,MIMAT0000265
ZNF385D,MIMAT0000265
ZNF362,MIMAT0000265
PHF13,MIMAT0000265
ALDH1A2,MIMAT0000265
ST3GAL1,MIMAT0000265
B4GALNT3,MIMAT0000265
OPN5,MIMAT0000265
ZSCAN22,MIMAT0000265
BCL9L,MIMAT0000265
GALNT10,MIMAT0000265
SFT2D2,MIMAT0000265
CREB1,MIMAT0000265
MBNL1,MIMAT0000265
SEMA4G,MIMAT0000265
PTPRT,MIMAT0000265
CCR5,MIMAT0000265
MAPRE2,MIMAT0000265
SERP1,MIMAT0000265
USP47,MIMAT0000265
ZWILCH,MIMAT0000265
PRLR,MIMAT0000265
ZNF48,MIMAT0000265
CCNT2,MIMAT0000265
AKAP1,MIMAT0000265
SPIB,MIMAT0000265
CDX2,MIMAT0000265
IL11,MIMAT0000265
AKAP13,MIMAT0000265
DPF3,MIMAT0000265
ETF1,MIMAT0000265
AP1S1,MIMAT0000265
GTDC1,MIMAT0000265
FARP1,MIMAT0000265
SYNJ2BP,MIMAT0000265
VN1R1,MIMAT0000265
BCL7A,MIMAT0000265
BACH2,MIMAT0000265
MCL1,MIMAT0000265
LRRC4,MIMAT0000265
WWC2,MIMAT0000265
SOST,MIMAT0000265
BDNF,MIMAT0000265
C21orf62,MIMAT0000265
USP14,MIMAT0000265
SMAD4,MIMAT0000265
MDFI,MIMAT0000265
IPO7,MIMAT0000265
TXNIP,MIMAT0000265
ERF,MIMAT0000265
WDR3,MIMAT0000265
SERINC3,MIMAT0000265
TPPP,MIMAT0000265
PADI2,MIMAT0000265
ANGPTL2,MIMAT0000265
G3BP2,MIMAT0000265
ASGR1,MIMAT0000265
GLP1R,MIMAT0000265
SOX4,MIMAT0000265
SP1,MIMAT0000265
SPARC,MIMAT0000265
HMGA2,MIMAT0000265
STC2,MIMAT0000265
SGPL1,MIMAT0000265
EFNB2,MIMAT0000265
BMPR1A,MIMAT0000265
CDH1,MIMAT0000265
CPT1B,MIMAT0000265
ATF6B,MIMAT0000265
EFNB1,MIMAT0000265
MUC4,MIMAT0000265
SYNGR1,MIMAT0000265
CHCHD5,MIMAT0000265
SORCS2,MIMAT0000265
TGFBR1,MIMAT0000265
SLC39A11,MIMAT0000265
PLAG1,MIMAT0000265
ELOVL6,MIMAT0000265
CACNG8,MIMAT0000265
RAB11FIP4,MIMAT0000265
CDC42,MIMAT0000265
MYO18A,MIMAT0000265
TSC22D2,MIMAT0000265
IGFBP2,MIMAT0000265
CYBB,MIMAT0000265
IGFBP5,MIMAT0000265
PPP3R1,MIMAT0000265
PLCXD3,MIMAT0000265
SAMD5,MIMAT0000265
SMOC1,MIMAT0000265
MYEF2,MIMAT0000462
TOX4,MIMAT0000462
ZBTB20,MIMAT0000462
WEE1,MIMAT0000462
CREB3L2,MIMAT0000462
CHML,MIMAT0000462
TBX3,MIMAT0000462
SPTLC3,MIMAT0000462
FRS2,MIMAT0000462
STX6,MIMAT0000462
SLC25A22,MIMAT0000462
SMAD2,MIMAT0000462
NFAT5,MIMAT0000462
FSTL1,MIMAT0000462
NUP50,MIMAT0000462
DLK1,MIMAT0000462
ESR1,MIMAT0000462
GJA1,MIMAT0000462
PPIB,MIMAT0000462
WDR89,MIMAT0001413
ZNF264,MIMAT0001413
ACBD5,MIMAT0001413
GPRIN3,MIMAT0001413
FMNL3,MIMAT0001413
TRAPPC2,MIMAT0001413
DCAF8,MIMAT0001413
SH3GLB1,MIMAT0001413
GNPTAB,MIMAT0001413
F2RL3,MIMAT0001413
VPS53,MIMAT0001413
ITGB1,MIMAT0001413
NHLRC3,MIMAT0001413
SEC16A,MIMAT0001413
QSOX1,MIMAT0001413
CCND1,MIMAT0001413
CNKSR3,MIMAT0001413
POFUT1,MIMAT0001413
F2RL1,MIMAT0001413
SERF1A,MIMAT0001413
IQSEC1,MIMAT0001413
RABGAP1L,MIMAT0001413
WDR53,MIMAT0001413
USP28,MIMAT0001413
CAMTA1,MIMAT0001413
SAMD12,MIMAT0001413
KLRD1,MIMAT0001413
KIF6,MIMAT0001413
ATXN1,MIMAT0001413
PSD3,MIMAT0001413
REST,MIMAT0001413
MFSD8,MIMAT0001413
SLC12A6,MIMAT0001413
RGMB,MIMAT0001413
ATP2B1,MIMAT0001413
SOCS7,MIMAT0001413
OCIAD1,MIMAT0001413
AGFG2,MIMAT0001413
TMEM67,MIMAT0001413
INPP5F,MIMAT0001413
WAC,MIMAT0001413
WEE1,MIMAT0001413
PAFAH1B1,MIMAT0001413
GRK7,MIMAT0001413
NR2C2,MIMAT0001413
GAB1,MIMAT0001413
DUSP18,MIMAT0001413
ABHD2,MIMAT0001413
N4BP1,MIMAT0001413
MTMR3,MIMAT0001413
ZDHHC20,MIMAT0001413
PGM2L1,MIMAT0001413
TMEM167A,MIMAT0001413
RAB3IP,MIMAT0001413
NCOA3,MIMAT0001413
UBXN2A,MIMAT0001413
PRNP,MIMAT0001413
BTN3A1,MIMAT0001413
ABHD15,MIMAT0001413
STAC2,MIMAT0001413
POLQ,MIMAT0001413
DSTYK,MIMAT0001413
ZBTB37,MIMAT0001413
A1CF,MIMAT0001413
POLR3G,MIMAT0001413
FHDC1,MIMAT0001413
AAK1,MIMAT0001413
MAP3K2,MIMAT0001413
RBM12B,MIMAT0001413
HIP1,MIMAT0001413
CAPRIN2,MIMAT0001413
ELAVL2,MIMAT0001413
DPYSL2,MIMAT0001413
SLC7A11,MIMAT0001413
RNF115,MIMAT0001413
SLK,MIMAT0001413
PLEKHM1,MIMAT0001413
MLXIP,MIMAT0001413
FBXO21,MIMAT0001413
TNRC6B,MIMAT0001413
WSB1,MIMAT0001413
IRAK4,MIMAT0001413
GNB5,MIMAT0001413
TLR7,MIMAT0001413
ERGIC2,MIMAT0001413
WDR1,MIMAT0001413
HIF1AN,MIMAT0001413
FKBP14,MIMAT0001413
RAB42,MIMAT0001413
LDLR,MIMAT0001413
BTN3A2,MIMAT0001413
C18orf32,MIMAT0001413
DCTN5,MIMAT0001413
DNAL1,MIMAT0001413
BCL2L11,MIMAT0001413
TCF4,MIMAT0001413
CFL2,MIMAT0001413
BTF3L4,MIMAT0001413
RAB5B,MIMAT0001413
SLC4A7,MIMAT0001413
CDK6,MIMAT0001413
TTPAL,MIMAT0001413
DNAJC10,MIMAT0001413
GTF2H3,MIMAT0001413
ISCA2,MIMAT0001413
YOD1,MIMAT0001413
MIXL1,MIMAT0001413
PTGES3,MIMAT0001413
FBXO31,MIMAT0001413
MFSD2A,MIMAT0001413
ICA1L,MIMAT0001413
ENPP5,MIMAT0001413
CYCS,MIMAT0001413
UBFD1,MIMAT0001413
ENTPD7,MIMAT0001413
NRIP3,MIMAT0001413
ZNFX1,MIMAT0001413
GATAD1,MIMAT0001413
SLC30A1,MIMAT0001413
C17orf75,MIMAT0001413
ABCG8,MIMAT0001413
PANK3,MIMAT0001413
GPR157,MIMAT0001413
SLC35F5,MIMAT0001413
KLHL15,MIMAT0001413
DDHD1,MIMAT0001413
TRIM8,MIMAT0001413
SLCO5A1,MIMAT0001413
ZNF805,MIMAT0001413
SLC1A5,MIMAT0001413
TRAF3IP2,MIMAT0001413
ZBED1,MIMAT0001413
ZNF347,MIMAT0001413
SAMD8,MIMAT0001413
ARL1,MIMAT0001413
KCNK6,MIMAT0001413
SPTLC2,MIMAT0001413
VPS26A,MIMAT0001413
FEZ2,MIMAT0001413
HMGB3,MIMAT0001413
CHAF1A,MIMAT0001413
MTF1,MIMAT0001413
MXI1,MIMAT0001413
LASP1,MIMAT0001413
PVR,MIMAT0001413
NFAT5,MIMAT0001413
ZBTB6,MIMAT0001413
NUDT3,MIMAT0001413
GLO1,MIMAT0001413
ZBTB25,MIMAT0001413
BRCA1,MIMAT0001413
CBX5,MIMAT0001413
SF3B3,MIMAT0001413
RACGAP1,MIMAT0001413
SOCS5,MIMAT0001413
WDR37,MIMAT0001413
OSTM1,MIMAT0001413
SPCS1,MIMAT0001413
E2F5,MIMAT0001413
HMGB1,MIMAT0001413
ITGA2,MIMAT0001413
JAK1,MIMAT0001413
MSH3,MIMAT0001413
PPP1R12B,MIMAT0001413
PPP6C,MIMAT0001413
RNASEH1,MIMAT0001413
RORA,MIMAT0001413
CCL5,MIMAT0001413
E2F2,MIMAT0001413
EFNB2,MIMAT0001413
EIF2S1,MIMAT0001413
KCNMB1,MIMAT0001413
BNIP2,MIMAT0001413
DUSP2,MIMAT0001413
PKNOX1,MIMAT0001413
WIPF2,MIMAT0001413
ANKRD13C,MIMAT0001413
MAPRE3,MIMAT0001413
MFN1,MIMAT0001413
KCND3,MIMAT0001413
ESR1,MIMAT0001413
ORAI2,MIMAT0001413
KATNAL1,MIMAT0001413
YIPF4,MIMAT0001413
GINS4,MIMAT0001413
DDI2,MIMAT0001413
PURB,MIMAT0001413
ZNF280B,MIMAT0001413
C15orf40,MIMAT0001413
CXorf38,MIMAT0001413
VTI1A,MIMAT0001413
ANKS4B,MIMAT0001413
RRN3,MIMAT0001413
ZYG11A,MIMAT0001413
MAPK9,MIMAT0001413
NME6,MIMAT0001413
RUNX3,MIMAT0001413
RPS6KA5,MIMAT0001413
SOD2,MIMAT0001413
USP48,MIMAT0001413
ALDH9A1,MIMAT0001413
REEP3,MIMAT0001413
AKTIP,MIMAT0001413
FBXO48,MIMAT0001413
COX19,MIMAT0001413
GPR155,MIMAT0001413
MUC17,MIMAT0001413
CRCP,MIMAT0001413
MGAT4A,MIMAT0000076
ZNF292,MIMAT0000076
PBX1,MIMAT0000076
DDAH1,MIMAT0000076
LMBR1,MIMAT0000076
NT5C2,MIMAT0000076
PHF20L1,MIMAT0000076
RSF1,MIMAT0000076
SOX5,MIMAT0000076
LONRF2,MIMAT0000076
RALGPS2,MIMAT0000076
HOXA9,MIMAT0000076
FAM126B,MIMAT0000076
ANKRD46,MIMAT0000076
CKAP5,MIMAT0000076
LPGAT1,MIMAT0000076
ERP44,MIMAT0000076
DDHD2,MIMAT0000076
SATB1,MIMAT0000076
PPP1R3B,MIMAT0000076
MDM4,MIMAT0000076
DNM1L,MIMAT0000076
NUFIP2,MIMAT0000076
NFIA,MIMAT0000076
FMR1,MIMAT0000076
ZNF217,MIMAT0000076
EXOC5,MIMAT0000076
ATF2,MIMAT0000076
THBS1,MIMAT0000076
EIF4EBP2,MIMAT0000076
B3GNT5,MIMAT0000076
SOCS4,MIMAT0000076
PLAT,MIMAT0000076
BNIP2,MIMAT0000076
OXTR,MIMAT0000076
ATP2B4,MIMAT0000076
ZNF207,MIMAT0000076
RLIM,MIMAT0000271
HIGD1A,MIMAT0000271
AP2B1,MIMAT0000271
RASSF4,MIMAT0000271
TPM3,MIMAT0000271
AP3M1,MIMAT0000271
ABLIM3,MIMAT0000271
GDPD5,MIMAT0000271
FGFR1,MIMAT0000271
BCL2L13,MIMAT0000271
KIF1B,MIMAT0000271
ZNRF1,MIMAT0000271
CTNNB1,MIMAT0000271
MAPK8,MIMAT0000271
UBE2I,MIMAT0000271
SLC39A11,MIMAT0000271
GMEB2,MIMAT0000271
SH3BP4,MIMAT0000271
PSMD10,MIMAT0000271
SCN4B,MIMAT0000271
ERC1,MIMAT0000271
CNNM2,MIMAT0000271
MEF2C,MIMAT0000271
GSR,MIMAT0000271
CLEC2D,MIMAT0000271
CALU,MIMAT0000271
CPD,MIMAT0000271
NFIC,MIMAT0000271
RAB5B,MIMAT0000271
TBPL1,MIMAT0000271
UBE2V1,MIMAT0000271
CDK6,MIMAT0000271
TRPS1,MIMAT0000271
PHLPP2,MIMAT0000271
NUFIP2,MIMAT0000271
RASA1,MIMAT0000271
KCTD15,MIMAT0000271
ZBTB8B,MIMAT0000271
PPARGC1B,MIMAT0000271
ZBTB33,MIMAT0000271
CD180,MIMAT0000271
SUGT1,MIMAT0000271
WASF2,MIMAT0000271
AHSA1,MIMAT0000271
CD274,MIMAT0000271
NRAS,MIMAT0000271
PLXNB1,MIMAT0000271
FLOT2,MIMAT0000271
POU4F2,MIMAT0000271
ASH1L,MIMAT0000271
SRD5A3,MIMAT0000271
ALPK2,MIMAT0000271
BAX,MIMAT0000271
MAPK14,MIMAT0000271
PGAM4,MIMAT0000271
LRTM2,MIMAT0000271
MANSC1,MIMAT0004564
DNAL1,MIMAT0004564
SORD,MIMAT0004564
PSAPL1,MIMAT0004564
SMARCC2,MIMAT0004564
GGA3,MIMAT0004564
TRAF3IP2,MIMAT0004564
RPL7L1,MIMAT0004564
ADCY5,MIMAT0004564
CYP20A1,MIMAT0004564
RD3,MIMAT0004564
MKNK2,MIMAT0004564
RAET1E,MIMAT0004564
VPS8,MIMAT0004564
C18orf32,MIMAT0004564
SRP19,MIMAT0004564
M6PR,MIMAT0004564
ISCA2,MIMAT0004564
OLFML2A,MIMAT0004564
SHROOM3,MIMAT0004564
ZNF8,MIMAT0004564
POPDC2,MIMAT0004564
TMEM185B,MIMAT0004564
IGF2BP1,MIMAT0004564
ADIPOQ,MIMAT0004564
AKAP5,MIMAT0004564
SCD,MIMAT0004564
INHBA,MIMAT0004564
BLOC1S3,MIMAT0004564
KIAA1328,MIMAT0004564
PEX2,MIMAT0004564
PHAX,MIMAT0004564
IGF1R,MIMAT0004564
PDE6A,MIMAT0004564
ZNF284,MIMAT0004564
YOD1,MIMAT0000278
SSX2IP,MIMAT0000278
ERBB4,MIMAT0000278
POU3F2,MIMAT0000278
AMMECR1L,MIMAT0000278
CXorf38,MIMAT0000278
TIAM1,MIMAT0000278
ATXN1,MIMAT0000278
MAPK10,MIMAT0000278
VPS53,MIMAT0000278
ZNF275,MIMAT0000278
ERC1,MIMAT0000278
ZNF652,MIMAT0000278
IQCE,MIMAT0000278
PTPRF,MIMAT0000278
DYRK3,MIMAT0000278
STAMBP,MIMAT0000278
AGAP1,MIMAT0000278
SLC19A3,MIMAT0000278
CABYR,MIMAT0000278
CAMKK1,MIMAT0000278
UBN2,MIMAT0000278
MIDN,MIMAT0000278
AKT3,MIMAT0000278
PRDM16,MIMAT0000278
LIMS1,MIMAT0000278
MAP3K2,MIMAT0000278
KIT,MIMAT0000278
BRD1,MIMAT0000278
EEF1A1,MIMAT0000278
DKK2,MIMAT0000278
POGZ,MIMAT0000278
ANKRD28,MIMAT0000278
PHF21A,MIMAT0000278
NDUFS1,MIMAT0000278
BCL2L11,MIMAT0000278
CROT,MIMAT0000278
C19orf12,MIMAT0000278
TRPS1,MIMAT0000278
GPR107,MIMAT0000278
PANK3,MIMAT0000278
TNKS2,MIMAT0000278
NDFIP1,MIMAT0000278
SIRT1,MIMAT0000278
SLC30A7,MIMAT0000278
STMN1,MIMAT0000278
VANGL1,MIMAT0000278
PEG10,MIMAT0000278
FMR1,MIMAT0000278
TNFSF10,MIMAT0000278
ARID1A,MIMAT0000278
ZNF236,MIMAT0000278
KPNA6,MIMAT0000278
RHOA,MIMAT0000278
HNRNPD,MIMAT0000278
ABLIM1,MIMAT0000278
PPP6C,MIMAT0000278
DENR,MIMAT0000278
SNX4,MIMAT0000278
DDX6,MIMAT0000278
TCEAL1,MIMAT0000278
LRP6,MIMAT0000278
SLC10A7,MIMAT0000278
ESR1,MIMAT0000278
PCDHA3,MIMAT0000278
PCDHAC1,MIMAT0000278
BMF,MIMAT0000278
BRWD1,MIMAT0000278
RBM33,MIMAT0000278
TMEM183A,MIMAT0000278
SELE,MIMAT0000278
HNRNPA1,MIMAT0004568
SDC4,MIMAT0004568
TMEM101,MIMAT0004568
CKAP2L,MIMAT0004568
VKORC1L1,MIMAT0004568
PGM2L1,MIMAT0004568
MYLK3,MIMAT0004568
PRNP,MIMAT0004568
TRAPPC2,MIMAT0004568
RCOR1,MIMAT0004568
RRP15,MIMAT0004568
MRPS16,MIMAT0004568
RPL15,MIMAT0004568
SLC39A10,MIMAT0004568
DSC3,MIMAT0004568
ZBTB8B,MIMAT0004568
CARD8,MIMAT0004568
ABL1,MIMAT0004568
PABPC1,MIMAT0004568
YIPF4,MIMAT0004568
CYP1A2,MIMAT0004568
RPL27A,MIMAT0004568
ZNF749,MIMAT0004568
TRAT1,MIMAT0000279
GPR107,MIMAT0000279
LGALS3BP,MIMAT0000279
SOD2,MIMAT0000279
GNAI3,MIMAT0000279
KPNA6,MIMAT0000279
TOP3A,MIMAT0000279
ZNF131,MIMAT0000279
TRMT5,MIMAT0000279
ABCG2,MIMAT0000279
TMCC1,MIMAT0000279
GRB10,MIMAT0000279
SPTBN2,MIMAT0000279
FBXO21,MIMAT0000279
SMAD5,MIMAT0000279
PPP2R2A,MIMAT0000279
AKT3,MIMAT0000279
ZNF652,MIMAT0000279
SMARCA4,MIMAT0000279
MGAT4B,MIMAT0000279
SLC19A3,MIMAT0000279
OSBPL10,MIMAT0000279
CABYR,MIMAT0000279
UBN2,MIMAT0000279
UBR7,MIMAT0000279
ZNF714,MIMAT0000279
APP,MIMAT0000279
ZMYND11,MIMAT0000279
EIF3I,MIMAT0000279
DICER1,MIMAT0000279
ZFYVE16,MIMAT0000279
LUC7L2,MIMAT0000279
TRIM44,MIMAT0000279
PGPEP1,MIMAT0000279
WDR6,MIMAT0000279
NLE1,MIMAT0000279
DDX21,MIMAT0000279
CDK6,MIMAT0000279
MDM2,MIMAT0000279
SLC35A2,MIMAT0000279
TRPS1,MIMAT0000279
TLE3,MIMAT0000279
SERTAD4,MIMAT0000279
STOX2,MIMAT0000279
NFS1,MIMAT0000279
RECK,MIMAT0000279
PELI2,MIMAT0000279
CSNK1G1,MIMAT0000279
HIPK2,MIMAT0000279
PHACTR4,MIMAT0000279
PANK3,MIMAT0000279
DOCK5,MIMAT0000279
FBXL18,MIMAT0000279
ZNF772,MIMAT0000279
ZNF805,MIMAT0000279
COG5,MIMAT0000279
KIF3B,MIMAT0000279
SART1,MIMAT0000279
SS18,MIMAT0000279
DCAF7,MIMAT0000279
CAPRIN1,MIMAT0000279
POLE,MIMAT0000279
RNPS1,MIMAT0000279
ABLIM1,MIMAT0000279
QKI,MIMAT0000279
CPSF6,MIMAT0000279
FICD,MIMAT0000279
VCP,MIMAT0000279
SF3B3,MIMAT0000279
LRP10,MIMAT0000279
ZNF770,MIMAT0000279
HNRNPD,MIMAT0000279
MGMT,MIMAT0000279
PBX2,MIMAT0000279
RBMS2,MIMAT0000279
SORT1,MIMAT0000279
EIF2S1,MIMAT0000279
SDHA,MIMAT0000279
ZW10,MIMAT0000279
PIWIL1,MIMAT0000279
TCEAL1,MIMAT0000279
BBC3,MIMAT0000279
TOM1,MIMAT0000279
FYTTD1,MIMAT0000279
ZBTB37,MIMAT0000279
CBX2,MIMAT0000279
C18orf25,MIMAT0000279
CDKL5,MIMAT0000279
ESR1,MIMAT0000279
UBIAD1,MIMAT0000279
TIMM50,MIMAT0000279
RNF215,MIMAT0000279
TP53BP2,MIMAT0000279
MCCC2,MIMAT0004569
WNK2,MIMAT0004569
FXN,MIMAT0004569
RFX3,MIMAT0004569
PNRC1,MIMAT0004569
CCDC59,MIMAT0004569
SOD2,MIMAT0004569
HMGA2,MIMAT0004569
ACER2,MIMAT0004569
SCARB1,MIMAT0000280
RANGAP1,MIMAT0000280
NFIA,MIMAT0000280
FOXO1,MIMAT0000280
POLL,MIMAT0004501
ADD1,MIMAT0004501
SPIN3,MIMAT0004501
PPARA,MIMAT0004501
UFM1,MIMAT0004501
EGFR,MIMAT0004501
NPTX1,MIMAT0004501
STX7,MIMAT0004501
CLEC4E,MIMAT0004501
UBXN2B,MIMAT0004501
NLGN1,MIMAT0004504
CBX3,MIMAT0004504
FRS2,MIMAT0004504
SLC38A1,MIMAT0004504
INHBA,MIMAT0004504
E2F2,MIMAT0004504
RHOA,MIMAT0004504
DCK,MIMAT0004504
OTUD4,MIMAT0000089
PHLDA1,MIMAT0000089
BAHD1,MIMAT0000089
NPM1,MIMAT0000089
RPL7L1,MIMAT0000089
ZNF275,MIMAT0000089
SLC1A2,MIMAT0000089
SRC,MIMAT0000089
MYO1D,MIMAT0000089
ZNF331,MIMAT0000089
RPS4Y1,MIMAT0000089
SATB2,MIMAT0000089
SPRED1,MIMAT0000089
IL5RA,MIMAT0000089
NF2,MIMAT0000089
RAB27A,MIMAT0000089
CXCL12,MIMAT0000089
NDFIP2,MIMAT0000089
SRPX2,MIMAT0000089
SERTAD2,MIMAT0000089
KLHDC10,MIMAT0000089
XPO6,MIMAT0000089
INTU,MIMAT0000089
HIF1AN,MIMAT0000089
UBA6,MIMAT0000089
CCNT1,MIMAT0000089
RDX,MIMAT0000089
JARID2,MIMAT0000089
ARPC5,MIMAT0000089
STK40,MIMAT0000089
RASA1,MIMAT0000089
SFXN1,MIMAT0000089
EDC3,MIMAT0000089
ETS1,MIMAT0000089
ZNF805,MIMAT0000089
CDK1,MIMAT0000089
SP7,MIMAT0000089
PPP2R2A,MIMAT0000089
CASR,MIMAT0000089
SMAD4,MIMAT0000089
MMP16,MIMAT0000089
GNA13,MIMAT0000089
NFAT5,MIMAT0000089
NUDT3,MIMAT0000089
FRK,MIMAT0000089
SDC4,MIMAT0000089
SOX4,MIMAT0000089
E2F2,MIMAT0000089
ABCB9,MIMAT0000089
QSER1,MIMAT0000089
NFATC2IP,MIMAT0000089
PPM1L,MIMAT0000089
PPIL2,MIMAT0000089
RHOA,MIMAT0000089
NFE2L1,MIMAT0000089
AR,MIMAT0000089
RPL37A,MIMAT0000089
MXRA7,MIMAT0000089
TNRC6B,MIMAT0000089
RUNX1T1,MIMAT0000754
GPRIN2,MIMAT0000754
TBC1D13,MIMAT0000754
BEST3,MIMAT0000754
L2HGDH,MIMAT0000754
APOL6,MIMAT0000754
TBCK,MIMAT0000754
USP3,MIMAT0000754
DDX6,MIMAT0000754
RNFT2,MIMAT0000772
NWD1,MIMAT0000772
SAMD4A,MIMAT0000772
ABCC1,MIMAT0000772
NTRK3,MIMAT0000772
PLA2G4E,MIMAT0000772
TSPAN6,MIMAT0000772
CCPG1,MIMAT0000772
UHMK1,MIMAT0000772
PAX8,MIMAT0000772
EIF1AX,MIMAT0000772
SORD,MIMAT0000772
CNP,MIMAT0000772
YIPF4,MIMAT0000772
TRIM10,MIMAT0000772
TNFRSF13C,MIMAT0000772
AKR7A2,MIMAT0000772
CAPRIN1,MIMAT0000255
VAV3,MIMAT0000255
SUGT1,MIMAT0000255
HDLBP,MIMAT0000255
GNPDA1,MIMAT0000255
PLA2G2D,MIMAT0000255
CDC23,MIMAT0000255
NLRC5,MIMAT0000255
CPT2,MIMAT0000255
ADARB1,MIMAT0000255
CAMTA1,MIMAT0000255
CFLAR,MIMAT0000255
GAPVD1,MIMAT0000255
OPA1,MIMAT0000255
CD40,MIMAT0000255
ERLIN2,MIMAT0000255
HMGB1,MIMAT0000255
SYNGR2,MIMAT0000255
AXIN2,MIMAT0000255
CLTB,MIMAT0000255
NUP98,MIMAT0000255
ITGA6,MIMAT0000255
TPM1,MIMAT0000255
POU2F1,MIMAT0000255
LARP1,MIMAT0000255
CDON,MIMAT0000255
ANKS1A,MIMAT0000255
CASP6,MIMAT0000255
G3BP2,MIMAT0000255
CDC25C,MIMAT0000255
KCNH1,MIMAT0000255
MKLN1,MIMAT0000255
AKT1,MIMAT0000255
ADNP,MIMAT0000255
PPARA,MIMAT0000255
CCNL1,MIMAT0000255
RBM12,MIMAT0000255
TMEM167A,MIMAT0000255
FUT8,MIMAT0000255
SPTBN1,MIMAT0000255
APAF1,MIMAT0000255
SYNE2,MIMAT0000255
BIRC3,MIMAT0000255
ZDHHC16,MIMAT0000255
DIABLO,MIMAT0000255
NDRG1,MIMAT0000255
TRAF3,MIMAT0000255
IRGQ,MIMAT0000255
EXT2,MIMAT0000255
MTAP,MIMAT0000255
TMOD2,MIMAT0000255
BCLAF1,MIMAT0000255
RNF40,MIMAT0000255
MTMR9,MIMAT0000255
GIGYF2,MIMAT0000255
GDE1,MIMAT0000255
FIGN,MIMAT0000255
POLR3E,MIMAT0000255
TGIF2,MIMAT0000255
CD44,MIMAT0000255
VEGFA,MIMAT0000255
CASP10,MIMAT0000255
KIF2A,MIMAT0000255
CDK6,MIMAT0000255
TFAM,MIMAT0000255
YOD1,MIMAT0000255
GANAB,MIMAT0000255
FAM104A,MIMAT0000255
CYCS,MIMAT0000255
PPP1R11,MIMAT0000255
NUCKS1,MIMAT0000255
ACSL4,MIMAT0000255
WDR77,MIMAT0000255
MAP4,MIMAT0000255
SIRT1,MIMAT0000255
PLIN3,MIMAT0000255
RRM2,MIMAT0000255
LEF1,MIMAT0000255
XIAP,MIMAT0000255
PEG10,MIMAT0000255
GYG1,MIMAT0000255
FOSL1,MIMAT0000255
DNAJB6,MIMAT0000255
UST,MIMAT0000255
CCT3,MIMAT0000255
PDGFRA,MIMAT0000255
RRAS,MIMAT0000255
ERLIN1,MIMAT0000255
SNTB2,MIMAT0000255
BRCA1,MIMAT0000255
RAB3GAP2,MIMAT0000255
SF3B3,MIMAT0000255
AKR1B1,MIMAT0000255
GATA4,MIMAT0000255
CXCL9,MIMAT0000255
CCL22,MIMAT0000255
YY1,MIMAT0000255
PDXK,MIMAT0000255
PEA15,MIMAT0000255
HRK,MIMAT0000255
TNFRSF10A,MIMAT0000255
BCL10,MIMAT0000255
CDKN1B,MIMAT0000255
BNIP2,MIMAT0000255
EFNB1,MIMAT0000255
PKP2,MIMAT0000255
STX1A,MIMAT0000255
TSN,MIMAT0000255
TOMM40,MIMAT0000255
RBCK1,MIMAT0000255
EDEM3,MIMAT0000255
ZSWIM7,MIMAT0000255
UBXN2B,MIMAT0000255
E2F5,MIMAT0000255
RNF169,MIMAT0000255
BCL2A1,MIMAT0000255
AIFM1,MIMAT0000255
DDAH1,MIMAT0000255
ALS2,MIMAT0000255
LLPH,MIMAT0000255
MBD6,MIMAT0000255
FKBP1B,MIMAT0000255
TPCN2,MIMAT0000255
GDF5,MIMAT0000255
MOV10,MIMAT0000255
CD70,MIMAT0000255
TNF,MIMAT0000255
POLR2A,MIMAT0000255
RPL37,MIMAT0000255
REEP3,MIMAT0000255
BIRC5,MIMAT0000255
PODXL,MIMAT0000255
TGFBR2,MIMAT0000255
C18orf32,MIMAT0000255
SHE,MIMAT0000707
ZNF460,MIMAT0000707
FNIP1,MIMAT0000707
MDM2,MIMAT0000707
FBXW2,MIMAT0000707
GGCX,MIMAT0000707
ZNF417,MIMAT0000707
IL6ST,MIMAT0000707
CYP20A1,MIMAT0000707
AURKA,MIMAT0000707
NUP43,MIMAT0000707
TXLNA,MIMAT0000707
KCNC4,MIMAT0000707
ZBTB34,MIMAT0000707
SUPT7L,MIMAT0000707
PHLPP2,MIMAT0000707
ZDHHC5,MIMAT0000707
CYTH2,MIMAT0000707
ESRP1,MIMAT0000707
UHRF1BP1,MIMAT0000707
G2E3,MIMAT0000707
TMEM33,MIMAT0000707
SLC25A36,MIMAT0000707
ORAI2,MIMAT0000707
RRN3,MIMAT0000707
NUFIP2,MIMAT0000707
NUCKS1,MIMAT0000707
TEF,MIMAT0000707
LHFPL2,MIMAT0000707
AKAP10,MIMAT0000707
SOX11,MIMAT0000707
ZNF157,MIMAT0000707
KIF5B,MIMAT0000707
GCNT3,MIMAT0000707
SPRYD4,MIMAT0000707
HOXA13,MIMAT0000707
CNOT4,MIMAT0000707
GPBP1,MIMAT0000710
ZNF148,MIMAT0000710
SCARB2,MIMAT0000710
USP22,MIMAT0000710
LIMA1,MIMAT0000710
DNAJC10,MIMAT0000710
POLR1B,MIMAT0000710
NOLC1,MIMAT0000710
NUFIP2,MIMAT0000710
XPO4,MIMAT0000710
NUCKS1,MIMAT0000710
APOL6,MIMAT0000710
VANGL1,MIMAT0000710
SHC1,MIMAT0000710
TLR3,MIMAT0000710
CYB561D1,MIMAT0000710
CDKN1A,MIMAT0000710
LNPEP,MIMAT0000733
RBM12B,MIMAT0000733
TSC22D2,MIMAT0000733
DNAL1,MIMAT0000733
MDM4,MIMAT0000733
TRIM13,MIMAT0000733
MTRF1L,MIMAT0000733
TM2D2,MIMAT0000733
SLFN12L,MIMAT0000736
MDM2,MIMAT0000736
ZNF652,MIMAT0000736
SIPA1L2,MIMAT0000736
P2RX5,MIMAT0000736
CREB1,MIMAT0000736
HDAC4,MIMAT0000736
RHOBTB3,MIMAT0000736
AASDHPPT,MIMAT0000736
RUFY2,MIMAT0000736
VAC14,MIMAT0000736
GREM1,MIMAT0000736
TOR1AIP2,MIMAT0000736
SPAG9,MIMAT0000736
PAPOLG,MIMAT0000736
BRD7,MIMAT0000736
DUSP6,MIMAT0000736
PRKCB,MIMAT0000736
PTPRS,MIMAT0000736
FZD5,MIMAT0000736
ZNF181,MIMAT0000736
CRISPLD2,MIMAT0000736
IL6R,MIMAT0001631
DYRK1A,MIMAT0003150
PIK3R1,MIMAT0003150
BNC2,MIMAT0003150
YIPF6,MIMAT0003150
BCDIN3D,MIMAT0003150
ZBTB34,MIMAT0003150
TRIM33,MIMAT0003150
ZFAND5,MIMAT0003150
LETM2,MIMAT0003150
NUFIP2,MIMAT0003150
IPO7,MIMAT0003150
APLP2,MIMAT0003150
ZNF134,MIMAT0003150
QKI,MIMAT0003150
FOXP1,MIMAT0002177
CD40,MIMAT0002177
SMAD2,MIMAT0002177
G3BP2,MIMAT0002177
PIK3R1,MIMAT0002177
CADM1,MIMAT0002177
UBE2S,MIMAT0002177
RCOR3,MIMAT0002177
HPGD,MIMAT0002177
CENPN,MIMAT0002177
MBD4,MIMAT0002177
SEC23IP,MIMAT0002177
IGSF3,MIMAT0002177
UBASH3B,MIMAT0002177
MACROD2,MIMAT0002177
N4BP1,MIMAT0002820
NAA25,MIMAT0002820
EFTUD2,MIMAT0002820
DLGAP3,MIMAT0002820
BSPRY,MIMAT0002820
ALDH9A1,MIMAT0002820
ZBTB34,MIMAT0002820
SHOC2,MIMAT0002820
PBX3,MIMAT0002820
PPIP5K2,MIMAT0002820
WDR13,MIMAT0002820
GNAL,MIMAT0002820
RUNX2,MIMAT0002820
MAP2K1,MIMAT0002820
GLP2R,MIMAT0002820
GOSR1,MIMAT0002820
WNK3,MIMAT0002820
GNB1,MIMAT0002820
PLEKHA1,MIMAT0002820
AVL9,MIMAT0002820
WEE1,MIMAT0002820
MYO5A,MIMAT0002820
RNPS1,MIMAT0002820
RPRD1B,MIMAT0002820
NUP50,MIMAT0002820
RASSF2,MIMAT0002820
RNF149,MIMAT0002820
RAB3IP,MIMAT0002820
RUNX1T1,MIMAT0002820
CHMP4B,MIMAT0002820
SESTD1,MIMAT0002820
PIK3R1,MIMAT0002820
MACC1,MIMAT0002820
SYNRG,MIMAT0002820
UBE2V1,MIMAT0002820
CDC25A,MIMAT0002820
RBPJ,MIMAT0002820
FBXL20,MIMAT0002820
SEC61A1,MIMAT0002820
TSC22D2,MIMAT0002820
TNRC6B,MIMAT0002820
RPRD2,MIMAT0002820
ANAPC13,MIMAT0002820
PHF19,MIMAT0002820
FCF1,MIMAT0002820
LUC7L3,MIMAT0002820
PDE4D,MIMAT0002820
CCNT1,MIMAT0002820
E2F3,MIMAT0002820
TBPL1,MIMAT0002820
CDK6,MIMAT0002820
MBD4,MIMAT0002820
ACVR2A,MIMAT0002820
ANLN,MIMAT0002820
CCND3,MIMAT0002820
PAG1,MIMAT0002820
RBBP6,MIMAT0002820
TAOK1,MIMAT0002820
DMTF1,MIMAT0002820
CLSPN,MIMAT0002820
CHAC1,MIMAT0002820
PANK2,MIMAT0002820
CDADC1,MIMAT0002820
LUZP1,MIMAT0002820
CDK1,MIMAT0002820
PPIG,MIMAT0002820
IER2,MIMAT0002820
ARIH1,MIMAT0002820
LANCL1,MIMAT0002820
CAPZA2,MIMAT0002820
SLC2A3,MIMAT0002820
TLL1,MIMAT0002820
RACGAP1,MIMAT0002820
NCKAP1,MIMAT0002820
LAMP2,MIMAT0002820
SOCS5,MIMAT0002820
CD274,MIMAT0002820
SSU72,MIMAT0002820
NR6A1,MIMAT0002820
CCND2,MIMAT0002820
ELK4,MIMAT0002820
HNRNPA2B1,MIMAT0002820
MAFK,MIMAT0002820
SKI,MIMAT0002820
SNCG,MIMAT0002820
TNFSF9,MIMAT0002820
GPRC5A,MIMAT0002820
ARHGDIA,MIMAT0002820
ATXN7L3B,MIMAT0002820
CBX2,MIMAT0002820
TBRG1,MIMAT0002820
ZCCHC3,MIMAT0002820
CCND1,MIMAT0002820
RAB15,MIMAT0002820
HSPA4L,MIMAT0002820
TPM1,MIMAT0002820
BIRC5,MIMAT0002820
FOXK1,MIMAT0002820
CNKSR3,MIMAT0002880
CLCC1,MIMAT0002880
PIKFYVE,MIMAT0002880
STARD7,MIMAT0002880
ARPP19,MIMAT0002880
SUPT16H,MIMAT0002881
VGLL4,MIMAT0002881
SDC3,MIMAT0002881
YAP1,MIMAT0002881
HES2,MIMAT0002881
NR1D2,MIMAT0002881
CBX5,MIMAT0002881
ABCC9,MIMAT0002883
RNF152,MIMAT0002883
CBX5,MIMAT0002883
LEAP2,MIMAT0002883
PDE4C,MIMAT0003233
ANKRD50,MIMAT0003233
RPS16,MIMAT0003322
NFAT5,MIMAT0003322
AP1G1,MIMAT0003322
ANKRD9,MIMAT0003322
STK4,MIMAT0003322
UBE2I,MIMAT0003322
KIF1A,MIMAT0003322
YIPF6,MIMAT0003322
GEN1,MIMAT0003322
BSG,MIMAT0003322
FAM120AOS,MIMAT0003322
ZBTB44,MIMAT0003322
ATP11B,MIMAT0003322
RAP1GAP2,MIMAT0003322
MRAS,MIMAT0003322
AGAP3,MIMAT0003322
ACTN4,MIMAT0003322
SMAD2,MIMAT0003322
CEBPG,MIMAT0003322
SLC31A1,MIMAT0003322
QSOX1,MIMAT0003322
SRPK1,MIMAT0003322
GCM1,MIMAT0003322
ARCN1,MIMAT0003322
MORF4L2,MIMAT0003322
ZNF431,MIMAT0003322
RPS19,MIMAT0003322
RPS29,MIMAT0003322
ZNF562,MIMAT0004814
CDKL2,MIMAT0004814
ZNF652,MIMAT0004814
PKIA,MIMAT0004814
LSM3,MIMAT0004814
BTF3L4,MIMAT0004814
KIF18B,MIMAT0004814
NR6A1,MIMAT0004814
KCNK10,MIMAT0004814
ZMAT3,MIMAT0004814
NUCKS1,MIMAT0004814
ENTPD1,MIMAT0004814
ELK4,MIMAT0004814
ZNF578,MIMAT0004814
TK1,MIMAT0006790
AZIN1,MIMAT0006790
LHFPL5,MIMAT0006790
ZNF107,MIMAT0006790
GPR173,MIMAT0006790
NUCKS1,MIMAT0006790
LCOR,MIMAT0006790
KCNK6,MIMAT0006790
ZNF268,MIMAT0006790
EEF2K,MIMAT0004554
PAK3,MIMAT0004554
VGLL4,MIMAT0004554
ZBTB37,MIMAT0004554
TOR1AIP1,MIMAT0004554
COPS7B,MIMAT0004554
KLF6,MIMAT0004554
KCNB1,MIMAT0004554
NCBP2,MIMAT0004554
LIMD1,MIMAT0004554
MATN1,MIMAT0004554
COIL,MIMAT0004554
ANKRD40,MIMAT0004554
OTUD7A,MIMAT0004554
ZNF740,MIMAT0004554
TMEM97,MIMAT0000252
TMEM106B,MIMAT0000252
IDE,MIMAT0000252
TFRC,MIMAT0000252
PPIP5K2,MIMAT0000252
EGFR,MIMAT0000252
ST3GAL5,MIMAT0000252
FXR1,MIMAT0000252
GLDN,MIMAT0000252
SCARB2,MIMAT0000252
SRGAP2,MIMAT0000252
ABCC1,MIMAT0000252
MICALL1,MIMAT0000252
UBE2A,MIMAT0000252
PAK1,MIMAT0000252
SLC25A15,MIMAT0000252
SULT1B1,MIMAT0000252
EHD3,MIMAT0000252
SERTAD2,MIMAT0000252
ZNF385A,MIMAT0000252
KIF16B,MIMAT0000252
BMPR2,MIMAT0000252
GLS,MIMAT0000252
GNA12,MIMAT0000252
RCC2,MIMAT0000252
CRLS1,MIMAT0000252
CNNM4,MIMAT0000252
ALG9,MIMAT0000252
ROR1,MIMAT0000252
LANCL1,MIMAT0000252
GLO1,MIMAT0000252
SLC5A3,MIMAT0000252
CNTNAP2,MIMAT0000252
LRP6,MIMAT0000252
SERPINB5,MIMAT0000252
RYK,MIMAT0000252
SLIT3,MIMAT0000252
ZNF264,MIMAT0000252
PIGH,MIMAT0000252
GJC1,MIMAT0000252
COMMD7,MIMAT0000252
ADCY9,MIMAT0000252
DAZAP2,MIMAT0000252
TM2D2,MIMAT0000252
LLPH,MIMAT0000252
RSPRY1,MIMAT0000252
CACNG5,MIMAT0000252
PIK3R3,MIMAT0000252
DUSP18,MIMAT0000252
FAM136A,MIMAT0000252
TIMM50,MIMAT0000252
ZNF805,MIMAT0000252
FGF2,MIMAT0004927
RASGRP3,MIMAT0004927
C18orf25,MIMAT0004927
CHERP,MIMAT0004926
FOXJ3,MIMAT0004926
YIPF6,MIMAT0004926
NNAT,MIMAT0004926
RNF41,MIMAT0004926
SMYD1,MIMAT0004926
PRDM2,MIMAT0004926
NKIRAS2,MIMAT0004926
KLF7,MIMAT0004926
EYA3,MIMAT0004926
CRTC3,MIMAT0004926
MARCKSL1,MIMAT0004926
NRF1,MIMAT0004926
RANBP2,MIMAT0004926
KPNA4,MIMAT0004926
PTPRJ,MIMAT0004926
PAQR5,MIMAT0004926
CCND1,MIMAT0004926
CNTFR,MIMAT0004926
ARHGAP42,MIMAT0004926
UMPS,MIMAT0004926
SLC2A5,MIMAT0004953
MARVELD2,MIMAT0004953
WDR13,MIMAT0004953
EIF3L,MIMAT0004953
SPPL2A,MIMAT0004953
NPEPPS,MIMAT0004953
ENAH,MIMAT0004953
NUDCD1,MIMAT0004953
SLC24A4,MIMAT0004953
TXLNA,MIMAT0004953
G3BP1,MIMAT0004953
SFT2D2,MIMAT0004953
THSD4,MIMAT0004953
ZNF185,MIMAT0004953
ZNF423,MIMAT0004953
HIC2,MIMAT0004953
PPP1R16B,MIMAT0004953
CPSF2,MIMAT0004953
CDC42SE1,MIMAT0004953
PERP,MIMAT0004953
SHISA6,MIMAT0004953
MPDU1,MIMAT0004953
TACC2,MIMAT0004953
SSU72,MIMAT0004953
ITGA2,MIMAT0004953
ITPKB,MIMAT0004953
LAMP2,MIMAT0004953
GRK1,MIMAT0004953
SLC7A5,MIMAT0004953
CAPN5,MIMAT0004953
WNT7B,MIMAT0004953
SPATA5,MIMAT0004953
UNC119B,MIMAT0004953
MECP2,MIMAT0004953
GRIN2A,MIMAT0004953
SMARCD1,MIMAT0004953
PISD,MIMAT0004953
TIMM50,MIMAT0004953
FAM83G,MIMAT0004953
MTHFD2,MIMAT0000441
BCL2L11,MIMAT0000441
APBB2,MIMAT0000441
KIF1A,MIMAT0000441
HOXC12,MIMAT0000441
PPP4R2,MIMAT0000441
NTRK3,MIMAT0000441
TNFAIP8,MIMAT0000441
KIF1B,MIMAT0000441
FRMD4B,MIMAT0000441
FOXP1,MIMAT0000441
TBPL1,MIMAT0000441
CDX2,MIMAT0000441
MDM4,MIMAT0000441
NR6A1,MIMAT0000441
TAOK1,MIMAT0000441
PRRX1,MIMAT0000441
SOX7,MIMAT0000441
SIRT1,MIMAT0000441
SERINC5,MIMAT0000441
ONECUT2,MIMAT0000441
REST,MIMAT0000441
NFAT5,MIMAT0000441
SLC30A4,MIMAT0000441
JAK1,MIMAT0000441
MYLK,MIMAT0000441
TTC7B,MIMAT0000441
ZNF704,MIMAT0000441
PTPN11,MIMAT0004985
PHF3,MIMAT0004985
COQ7,MIMAT0004985
FCGR3B,MIMAT0004985
RAB22A,MIMAT0004985
RORA,MIMAT0004985
RASSF2,MIMAT0004985
GFRA1,MIMAT0004985
B3GALNT1,MIMAT0004985
POLD3,MIMAT0004985
VDR,MIMAT0004985
TNPO1,MIMAT0004985
POU2F1,MIMAT0004985
ZNF704,MIMAT0004985
GTPBP2,MIMAT0004985
PLEKHA2,MIMAT0004985
IFI27,MIMAT0004985
LINS1,MIMAT0004985
TNS1,MIMAT0004985
RALGPS2,MIMAT0004985
TMEM151A,MIMAT0004985
TSHZ2,MIMAT0004985
RNF8,MIMAT0004985
RAPGEF1,MIMAT0004985
FBXL20,MIMAT0004985
LPP,MIMAT0004985
CYLD,MIMAT0004985
ERP44,MIMAT0004985
RWDD1,MIMAT0004985
LTF,MIMAT0004985
SPIB,MIMAT0004985
UQCRB,MIMAT0004985
DPF3,MIMAT0004985
RBM27,MIMAT0004985
NLGN4X,MIMAT0004985
ZNF747,MIMAT0004985
LRRC2,MIMAT0004985
RPAP2,MIMAT0004985
L2HGDH,MIMAT0004985
CSRNP3,MIMAT0004985
GSK3B,MIMAT0004985
TADA2A,MIMAT0004985
RREB1,MIMAT0004985
ZNF22,MIMAT0004985
ESM1,MIMAT0004985
RGS17,MIMAT0004985
NCKAP1,MIMAT0004985
DR1,MIMAT0004985
HSPA4,MIMAT0004985
POLA2,MIMAT0004985
RAP2B,MIMAT0004985
TLR4,MIMAT0004985
CMKLR1,MIMAT0004985
DTX1,MIMAT0004985
GJB1,MIMAT0004985
CD55,MIMAT0004985
PATZ1,MIMAT0004985
TRAF7,MIMAT0004985
ACVRL1,MIMAT0004985
POTEG,MIMAT0004985
