id,logFC,type
MIMAT0000076,1.4834,miR
MIMAT0000089,1.49095,miR
MIMAT0000098,-1.14731,miR
MIMAT0000231,-1.10437,miR
MIMAT0000232,-1.43493,miR
MIMAT0000250,-1.03612,miR
MIMAT0000252,-2.56718,miR
MIMAT0000255,1.91218,miR
MIMAT0000256,1.02792,miR
MIMAT0000257,1.20429,miR
MIMAT0000262,1.44197,miR
MIMAT0000263,-2.52597,miR
MIMAT0000265,-2.92486,miR
MIMAT0000271,-1.42539,miR
MIMAT0000278,2.87209,miR
MIMAT0000279,2.66827,miR
MIMAT0000280,-1.03711,miR
MIMAT0000416,-1.08442,miR
MIMAT0000427,-1.08535,miR
MIMAT0000430,-1.74416,miR
MIMAT0000433,-1.01654,miR
MIMAT0000436,-2.23477,miR
MIMAT0000438,-1.23159,miR
MIMAT0000441,-2.30199,miR
MIMAT0000446,-1.28424,miR
MIMAT0000447,-1.20756,miR
MIMAT0000451,-1.38297,miR
MIMAT0000458,-1.20275,miR
MIMAT0000461,-1.41384,miR
MIMAT0000462,-1.00979,miR
MIMAT0000707,-1.6235,miR
MIMAT0000710,-1.04257,miR
MIMAT0000728,2.38298,miR
MIMAT0000733,-1.70044,miR
MIMAT0000736,-1.18017,miR
MIMAT0000754,-1.26771,miR
MIMAT0000772,-1.09871,miR
MIMAT0001413,-1.42071,miR
MIMAT0001631,-2.64329,miR
MIMAT0002177,-2.68959,miR
MIMAT0002809,4.77846,miR
MIMAT0002819,-1.19093,miR
MIMAT0002820,-1.00785,miR
MIMAT0002880,1.09394,miR
MIMAT0002881,1.08029,miR
MIMAT0002883,1.06569,miR
MIMAT0003150,-1.09896,miR
MIMAT0003233,3.11424,miR
MIMAT0003242,-1.17532,miR
MIMAT0003322,-1.42782,miR
MIMAT0004552,-1.21783,miR
MIMAT0004563,-1.43438,miR
MIMAT0004766,4.9077,miR
MIMAT0004814,-1.03302,miR
MIMAT0004926,-1.36149,miR
MIMAT0004953,-1.31221,miR
MIMAT0004985,-1.04826,miR
MIMAT0005824,-2.23051,miR
MIMAT0005899,-1.58159,miR
MIMAT0018115,-1.15062,miR
MIMAT0004501,-1.40305,miR
MIMAT0004504,1.61385,miR
MIMAT0004554,-2.05563,miR
MIMAT0004558,1.22369,miR
MIMAT0004564,-1.05482,miR
MIMAT0004568,1.99246,miR
MIMAT0004569,1.22141,miR
MIMAT0004600,-2.63332,miR
MIMAT0004607,-1.62838,miR
MIMAT0004927,-1.09937,miR
MIMAT0006790,-1.57319,miR
NPTN,-0.0814542,mRNA
SOX5,-2.20017,mRNA
WEE1,-0.265821,mRNA
ANKRD29,-1.3787,mRNA
POGK,0.102231,mRNA
SLC25A22,0.330753,mRNA
NETO2,-1.01902,mRNA
RASA1,0.735038,mRNA
UTRN,-0.200603,mRNA
E2F5,-0.237721,mRNA
TNS4,-1.22845,mRNA
FOXP1,-0.123937,mRNA
RNF144B,-0.275638,mRNA
RAP1B,0.0542712,mRNA
TSC22D1,1.4147,mRNA
VPS45,-0.0559066,mRNA
IFIT3,0.7104,mRNA
GFOD1,-0.151212,mRNA
PLK1,0.244728,mRNA
FLT1,0.188106,mRNA
ABLIM1,-0.778041,mRNA
PTPN9,-0.399857,mRNA
ACSL3,-0.0435416,mRNA
MAP4,0.457749,mRNA
CREB5,1.06812,mRNA
SETD1B,-0.235105,mRNA
RORA,-0.500954,mRNA
GRIN2B,-0.0181727,mRNA
ATXN1,-0.304866,mRNA
TCF20,-0.192239,mRNA
EFHD2,1.06069,mRNA
LGALS8,0.182102,mRNA
XRCC3,0.0126024,mRNA
DAGLA,0.837141,mRNA
BCL6,-0.532614,mRNA
BAG5,0.0572771,mRNA
RAB5C,-0.0151857,mRNA
ZBTB37,-0.916083,mRNA
TPM3,0.297344,mRNA
ZNF704,-0.732091,mRNA
CACNA1C,0.820805,mRNA
ANXA2,0.633188,mRNA
BCL2L1,0.998125,mRNA
POU2F2,-0.400839,mRNA
RNF168,-0.664003,mRNA
SGMS2,-0.00735498,mRNA
SNX33,0.435007,mRNA
MLEC,-0.564871,mRNA
RBPJ,-0.0979132,mRNA
FAM120C,0.128443,mRNA
SENP1,-0.0370546,mRNA
PLEKHA3,0.138481,mRNA
MMP14,0.759634,mRNA
CCNI,-0.206732,mRNA
SUPT16H,-0.150903,mRNA
KPNA6,0.152607,mRNA
CDC42,0.0454554,mRNA
NGFR,1.01727,mRNA
SP1,-0.0450747,mRNA
TAGLN2,0.574104,mRNA
ERG,-0.185634,mRNA
FOSL2,-0.316473,mRNA
CASP9,-0.214124,mRNA
NFAM1,1.23691,mRNA
IGF1R,-0.00738523,mRNA
CNN2,-0.251392,mRNA
MC2R,0.0380052,mRNA
PDLIM5,-0.140058,mRNA
SNX30,0.500951,mRNA
TRIM71,-0.0667696,mRNA
ISCU,0.512143,mRNA
PUM2,-0.29712,mRNA
IL6ST,-0.700197,mRNA
ERGIC1,0.080709,mRNA
DCP2,-0.140399,mRNA
POTED,0.00090768,mRNA
SSX5,0.650058,mRNA
RAB27A,1.46114,mRNA
IL17REL,-0.762569,mRNA
GABRB2,6.78419,mRNA
ZDHHC9,0.142486,mRNA
SURF4,-0.0821464,mRNA
OPRM1,-0.0402035,mRNA
KCTD5,0.157042,mRNA
FOXM1,0.701644,mRNA
SOX17,0.39472,mRNA
HIVEP3,-0.637091,mRNA
MED28,0.101033,mRNA
FIBCD1,4.24887,mRNA
GNL1,0.0910658,mRNA
PLAGL2,-0.297891,mRNA
COX8A,-0.187596,mRNA
EIF4EBP2,-0.0657908,mRNA
RCAN1,-1.48305,mRNA
ZNF621,-0.111895,mRNA
TP53INP1,0.608626,mRNA
ATXN7L3B,-0.404787,mRNA
MAPKAPK5,0.0194002,mRNA
ZNF440,-0.321031,mRNA
ADAT1,-0.319057,mRNA
ATP6V1A,0.218256,mRNA
CSNK2A1,-0.119569,mRNA
PEX5L,-0.974857,mRNA
SLC46A1,-0.576687,mRNA
CYBRD1,-0.984736,mRNA
GNA13,-0.374688,mRNA
PAG1,-0.132284,mRNA
MECP2,-0.152147,mRNA
IGFBP4,0.394432,mRNA
YY1,0.0730484,mRNA
RSBN1,-0.335478,mRNA
EIF4EBP1,0.770913,mRNA
RHOC,0.681812,mRNA
DMKN,0.123481,mRNA
DNAJB6,-0.153397,mRNA
NFKB1,-0.188556,mRNA
LNPEP,-0.73864,mRNA
TERT,-0.13299,mRNA
ZMYND11,-0.583717,mRNA
EID1,-0.045616,mRNA
YAP1,0.18203,mRNA
MXD1,-0.634627,mRNA
MEAF6,0.700487,mRNA
IGF2BP1,-0.481746,mRNA
BLCAP,0.067025,mRNA
CELF1,-0.320911,mRNA
S100A1,1.6721,mRNA
FOXC1,-0.0852997,mRNA
CDH2,2.70602,mRNA
RPA1,-0.0625097,mRNA
IGLON5,0.284401,mRNA
CCND1,1.7233,mRNA
BCL11A,-1.23737,mRNA
ZNF426,-0.572881,mRNA
PHKG2,0.440011,mRNA
VWA1,1.27477,mRNA
ZBTB7A,0.100049,mRNA
PXN,0.35824,mRNA
GFRA1,-3.38457,mRNA
SYT7,-1.06541,mRNA
KANK2,0.469902,mRNA
PKIA,-1.24844,mRNA
THY1,0.492758,mRNA
UCP2,0.980386,mRNA
BCAR1,0.559022,mRNA
PNPO,-0.0839329,mRNA
ORAI2,0.607662,mRNA
CHEK1,0.243649,mRNA
AKT1S1,-0.0407527,mRNA
PAX5,-1.39065,mRNA
SORBS2,-2.33777,mRNA
CDC37,0.192918,mRNA
HLA-A,0.579371,mRNA
B2M,0.389732,mRNA
ZSWIM7,0.21404,mRNA
KRT80,2.1619,mRNA
ZNF570,-0.635351,mRNA
ZNF585B,-0.656865,mRNA
ZMIZ2,0.0676396,mRNA
HSP90AA1,-0.0533971,mRNA
LCOR,-0.676371,mRNA
PDE4D,-0.878996,mRNA
BCL2,-1.84588,mRNA
B3GALNT2,-0.403606,mRNA
ZBTB34,-0.0401275,mRNA
PDE4DIP,0.146202,mRNA
ARHGAP32,-0.15008,mRNA
NR5A2,0.291917,mRNA
CTTNBP2NL,0.305537,mRNA
KCNQ5,-0.897204,mRNA
TMC7,1.11588,mRNA
RREB1,-0.472864,mRNA
PIK3CA,-0.152379,mRNA
SUGT1,-0.0631999,mRNA
DDX6,-0.309548,mRNA
HNRNPF,0.173974,mRNA
DCBLD2,0.796275,mRNA
ZNF431,-0.000584814,mRNA
BCL2L15,-0.551826,mRNA
KIAA0895,-0.74848,mRNA
CAPZA1,0.303478,mRNA
PRKCB,-0.00504381,mRNA
FNDC3A,-0.318555,mRNA
IRS1,-1.74526,mRNA
TEX9,-0.266962,mRNA
ADARB2,0.013303,mRNA
SMAD4,-0.408949,mRNA
SOD2,-0.0743014,mRNA
BLMH,0.110622,mRNA
REL,-0.678545,mRNA
KY,-2.35838,mRNA
SLC12A7,0.109422,mRNA
KLHDC8B,-0.249076,mRNA
POLR3G,-0.250757,mRNA
BIVM,-0.347645,mRNA
PTGS1,-0.0479085,mRNA
OLFML2A,0.00717386,mRNA
APOL6,0.129287,mRNA
RAB8A,0.0343154,mRNA
MAT2A,-0.696761,mRNA
LSM4,0.291811,mRNA
LIMD1,-0.38818,mRNA
ZNF551,-0.465638,mRNA
CPEB4,-0.917849,mRNA
GANAB,-0.0798684,mRNA
GK5,0.100351,mRNA
USP48,-0.207679,mRNA
LIMD2,0.201151,mRNA
TMEM167A,-0.22301,mRNA
RUFY2,-0.243331,mRNA
ZNRF3,0.0171901,mRNA
ARL8A,0.235999,mRNA
TMPRSS5,0.450785,mRNA
PMAIP1,1.48461,mRNA
PPP1R11,-0.10231,mRNA
KCTD15,-0.803506,mRNA
CCDC6,-0.0969515,mRNA
AKAP8,-0.319262,mRNA
NOVA1,0.0562911,mRNA
TRAF6,-0.910971,mRNA
GXYLT2,0.39023,mRNA
ZNF629,0.0890516,mRNA
UMPS,-0.121256,mRNA
NR2F2,-0.258155,mRNA
SRCIN1,3.46026,mRNA
AMOTL2,-0.639225,mRNA
RHOH,-0.625961,mRNA
SLC35F5,-0.302202,mRNA
KCNK5,1.04939,mRNA
NKD1,-0.214735,mRNA
PIK3C2A,-0.557482,mRNA
ZNF786,0.184925,mRNA
HMGB1,0.0796319,mRNA
RABGAP1L,-0.683156,mRNA
ATP2B1,-0.424423,mRNA
TRIM65,0.491818,mRNA
GOSR1,-0.185427,mRNA
MBD1,-0.194904,mRNA
TLR10,-0.227634,mRNA
CDC14B,-1.14122,mRNA
ARRB2,0.280482,mRNA
VPS53,0.0285425,mRNA
PRKCA,-1.32397,mRNA
DPP9,0.315237,mRNA
NME6,0.135137,mRNA
RNF165,-0.853412,mRNA
TMEM92,4.34388,mRNA
DNAJB13,-0.153553,mRNA
CNKSR3,-0.692438,mRNA
KCTD20,-0.234913,mRNA
RAB3IP,-0.119455,mRNA
BCAS4,0.962325,mRNA
CNNM2,-0.397631,mRNA
UBOX5,0.0100627,mRNA
A1CF,-0.0205377,mRNA
ZHX3,-0.962413,mRNA
FAM13B,-0.575056,mRNA
CCDC30,-0.809658,mRNA
S1PR1,0.339722,mRNA
RAB21,-0.0207578,mRNA
RRP1B,-0.010263,mRNA
DSTYK,-0.0215455,mRNA
TRUB2,0.104276,mRNA
IRAK4,-0.134117,mRNA
GNB5,0.122252,mRNA
EPHB2,-0.266552,mRNA
OCIAD1,-0.239476,mRNA
TMEM33,0.164794,mRNA
RBM41,-0.494872,mRNA
FGD6,-0.238444,mRNA
SMUG1,0.171903,mRNA
TP53,0.385569,mRNA
MIXL1,-0.0493656,mRNA
FKBP9,0.0228967,mRNA
SLC43A2,-0.25419,mRNA
CDK2,0.181783,mRNA
CYCS,-0.663578,mRNA
PAIP2B,-1.06066,mRNA
GATAD2B,0.0685852,mRNA
ZFP14,-0.172782,mRNA
NFYA,-0.327514,mRNA
NMNAT1,-0.452845,mRNA
ADIPOR2,-0.729815,mRNA
WWC2,-0.248997,mRNA
TMEM134,0.59077,mRNA
SAR1A,-0.173444,mRNA
FAM185A,-0.319307,mRNA
RAPGEF6,-0.764042,mRNA
TNFAIP8L1,0.434178,mRNA
ENTPD4,-0.171555,mRNA
TNFSF15,1.18937,mRNA
KIF3A,0.157099,mRNA
TEP1,0.202577,mRNA
GPR182,-1.97503,mRNA
ACOX1,0.341917,mRNA
PHLDA1,-0.29603,mRNA
FRAT2,-0.29352,mRNA
CBX5,-0.199312,mRNA
CISH,0.164143,mRNA
EIF2B2,-0.353296,mRNA
CAMK4,-0.540606,mRNA
PIGR,0.186172,mRNA
PSMC1,0.100161,mRNA
QSOX1,1.28678,mRNA
UBE2V2,-0.199646,mRNA
CORO2A,1.76712,mRNA
FLT3,-0.71821,mRNA
PIAS2,-0.573285,mRNA
EGR2,-2.3759,mRNA
PLEKHM3,-0.717874,mRNA
ELK1,0.472703,mRNA
SYNPO2,-0.687297,mRNA
DDI2,-0.682184,mRNA
XKR4,-0.00753838,mRNA
WDFY2,-0.0346839,mRNA
LRRC15,-2.62423,mRNA
SPPL3,-0.045965,mRNA
ANKS4B,0.0166127,mRNA
NANOG,-0.218649,mRNA
PAK3,-3.11621,mRNA
TCN2,0.304636,mRNA
LTBP2,-0.342032,mRNA
TRIM72,-0.152281,mRNA
RCC2,0.791827,mRNA
FAM104A,0.167699,mRNA
SH3PXD2A,-0.0101997,mRNA
TNRC6B,-0.498296,mRNA
DTX4,2.70177,mRNA
ASB6,0.0439569,mRNA
LDLR,0.685661,mRNA
RMND5A,0.0491175,mRNA
WNT2B,-0.502265,mRNA
KLF6,-1.14548,mRNA
KRAS,-0.113046,mRNA
EMP1,-0.409045,mRNA
ALCAM,0.0955943,mRNA
NPTX1,-0.64976,mRNA
CDK19,0.0969893,mRNA
TGFA,2.3034,mRNA
NEURL4,-0.125467,mRNA
SESN3,-1.48026,mRNA
PTEN,-0.221418,mRNA
KLF4,-0.804216,mRNA
DNMT1,0.556687,mRNA
ABCG2,0.439127,mRNA
CDKL2,-0.404556,mRNA
UBN2,-0.561671,mRNA
GRAMD1B,-1.13523,mRNA
NOS1AP,1.24364,mRNA
SEC61A2,-0.0276706,mRNA
SMU1,-0.0663315,mRNA
BASP1,1.15817,mRNA
TEAD1,0.157215,mRNA
YOD1,-0.238237,mRNA
PDIA6,-0.529889,mRNA
BDNF,0.0979117,mRNA
PLAG1,1.77594,mRNA
ETS1,0.14395,mRNA
TCF4,-0.480974,mRNA
ENAH,0.538445,mRNA
CHD9,-0.254264,mRNA
CAPRIN2,-0.484828,mRNA
TBL1XR1,-0.145144,mRNA
ZNF268,-0.462333,mRNA
RLIM,-0.126419,mRNA
MGAT5,-0.750053,mRNA
ATXN7,-0.347395,mRNA
RNMT,-0.0619581,mRNA
FAM13A,-0.907401,mRNA
ZNF562,-0.157816,mRNA
TGIF2,-0.327113,mRNA
CDKN1A,1.35352,mRNA
RGS5,0.657885,mRNA
DRAM1,1.37113,mRNA
PHACTR4,-0.430263,mRNA
COPS2,-0.0118897,mRNA
XIAP,0.0123908,mRNA
NMT2,-0.498828,mRNA
HSPA13,-0.194118,mRNA
EGR1,-1.77267,mRNA
GOT1,-0.284156,mRNA
IPO5,-0.13673,mRNA
CDKN1B,-0.290395,mRNA
PCDHA5,0.885923,mRNA
HOOK3,0.122315,mRNA
MAPK1IP1L,-0.27159,mRNA
MTMR12,-0.0436982,mRNA
ESR1,0.0606573,mRNA
CPOX,-0.0571731,mRNA
PGR,0.579232,mRNA
ASB1,-0.447357,mRNA
ZNF253,-0.328311,mRNA
CBX7,-0.347293,mRNA
ZBTB20,-0.975649,mRNA
ZNF487,-0.145687,mRNA
DDX3X,-0.541303,mRNA
CCNG1,0.513169,mRNA
VSNL1,-0.229649,mRNA
LCLAT1,-0.362771,mRNA
TFRC,-0.892238,mRNA
C2orf69,-0.357882,mRNA
ZNF616,-0.367841,mRNA
NCOA3,-0.16472,mRNA
SCN8A,0.283807,mRNA
CYLD,-0.534478,mRNA
MRPS23,0.183453,mRNA
NLK,-0.219755,mRNA
CHMP2B,-0.286867,mRNA
ZBTB4,-0.18112,mRNA
ASB13,-0.202672,mRNA
PHC3,-0.275579,mRNA
KLHL15,-0.46963,mRNA
OTUD1,0.262678,mRNA
NFIA,-0.68231,mRNA
ZBTB33,0.536389,mRNA
SCD,1.50301,mRNA
FOXL1,0.625513,mRNA
MAN1A2,-0.363326,mRNA
KPNA4,-0.0895401,mRNA
PEBP1,-0.445683,mRNA
CCL22,0.888688,mRNA
MYO1C,0.465036,mRNA
HEPHL1,-1.31354,mRNA
C17orf100,0.153208,mRNA
PURB,-0.0477086,mRNA
ZC3HAV1L,-0.835831,mRNA
SLC10A7,-0.62694,mRNA
CHCHD7,0.0444312,mRNA
OSBPL8,-0.0957918,mRNA
ZNF121,-0.404585,mRNA
MRO,-4.2408,mRNA
NDUFB5,-0.131519,mRNA
IRF1,0.00824782,mRNA
SUN1,-0.18358,mRNA
BLM,0.320685,mRNA
VAMP8,0.595894,mRNA
KREMEN1,-0.43153,mRNA
TMPPE,-0.320924,mRNA
LMCD1,-0.0693091,mRNA
KIT,-3.29168,mRNA
RASSF5,0.548976,mRNA
HDGF,0.0473565,mRNA
AMACR,0.130824,mRNA
AHDC1,0.16225,mRNA
EIF4B,-0.0662947,mRNA
TRMT2A,0.101614,mRNA
NEIL2,-0.0265348,mRNA
NAGA,0.286711,mRNA
MEPCE,-0.134021,mRNA
ASXL1,-0.223298,mRNA
KIF1B,0.0056196,mRNA
TET3,0.613193,mRNA
TSC1,-0.381136,mRNA
RSF1,-0.267155,mRNA
SPTBN2,3.51248,mRNA
MND1,1.42197,mRNA
CNOT6,-0.0196941,mRNA
MTR,-0.335345,mRNA
WNK1,-0.0350746,mRNA
ACBD6,0.148687,mRNA
MYO5A,-0.13726,mRNA
PSMC5,0.145492,mRNA
PIP5K1C,0.372777,mRNA
TMEM164,-1.1014,mRNA
EEFSEC,-0.0149004,mRNA
CLSTN1,0.157556,mRNA
PARP15,-0.247229,mRNA
PTK7,0.745352,mRNA
UBR1,-0.374705,mRNA
TXLNA,0.287416,mRNA
TUBB,0.0835343,mRNA
HM13,0.165195,mRNA
MCL1,-0.32434,mRNA
G3BP1,-0.118542,mRNA
MRRF,-0.118799,mRNA
ZNF71,0.111102,mRNA
ABI2,-0.036232,mRNA
ARNTL2,1.14848,mRNA
SLC25A15,-1.8953,mRNA
TNFRSF21,1.64876,mRNA
ZBTB5,-0.690542,mRNA
ENDOD1,1.30991,mRNA
ASB3,-0.123224,mRNA
LEF1,0.658088,mRNA
HP1BP3,-0.51304,mRNA
PSMC3IP,0.111164,mRNA
ZC3H7B,-0.454548,mRNA
ALKBH5,-0.182407,mRNA
INO80D,-0.19019,mRNA
ELP3,-0.20588,mRNA
ARMC1,-0.240863,mRNA
HHAT,-0.245029,mRNA
DNAJC11,-0.117869,mRNA
IPO8,-0.377701,mRNA
TGFBR3,-1.24223,mRNA
DCTN5,-0.208948,mRNA
ARHGAP19,0.947505,mRNA
STX16,0.0102064,mRNA
TWF1,0.363889,mRNA
BTRC,-0.277752,mRNA
CLPB,-0.222725,mRNA
CDK6,-0.572706,mRNA
RPS3,0.145322,mRNA
MAZ,0.176897,mRNA
CUL4A,-0.100654,mRNA
MAPK8,-0.471185,mRNA
HADHB,0.024906,mRNA
PLS3,0.322785,mRNA
DBNL,0.0571852,mRNA
STARD7,-0.387892,mRNA
ZNF512B,-0.411832,mRNA
HEATR6,0.148256,mRNA
WDR82,-0.124787,mRNA
HHLA1,0.032399,mRNA
SMAD3,-0.162618,mRNA
ATP1A1,-0.579374,mRNA
SYNRG,-0.120742,mRNA
PPARGC1B,-0.122838,mRNA
ZFYVE27,0.111492,mRNA
PHF8,0.0104581,mRNA
CIAO1,0.15019,mRNA
SYMPK,0.167614,mRNA
SH3BP5,-0.747858,mRNA
PFN1,0.504504,mRNA
RBM8A,-0.258956,mRNA
GDF11,-0.0461479,mRNA
SIX1,-0.402635,mRNA
LASP1,0.751134,mRNA
AGPAT1,-0.173565,mRNA
TCFL5,-0.735757,mRNA
ABCF2,0.233378,mRNA
AHSA1,0.0417655,mRNA
CDC42EP4,-0.0067801,mRNA
GCA,-0.135207,mRNA
SF3B3,0.128105,mRNA
RACGAP1,0.0451801,mRNA
NDST1,-0.0445395,mRNA
DUT,-0.391727,mRNA
ODC1,0.215081,mRNA
VAV2,-0.239137,mRNA
YWHAZ,0.129893,mRNA
IL17RD,1.83712,mRNA
SF3B2,0.117162,mRNA
ANAPC1,-0.302395,mRNA
MYLK,-0.194772,mRNA
VAV3,0.137057,mRNA
DHX37,0.09159,mRNA
ATOH8,-0.562878,mRNA
ZNF3,-0.228067,mRNA
HNRNPUL1,0.0644514,mRNA
BAZ2A,0.0347374,mRNA
CHCHD10,-0.925429,mRNA
FANCD2,0.51222,mRNA
TMBIM1,-0.0865587,mRNA
RPL22,-0.102418,mRNA
BICD2,-0.106948,mRNA
BRCC3,-0.150924,mRNA
KIF21A,-0.155501,mRNA
SBNO1,-0.757211,mRNA
ACVR2A,0.00467504,mRNA
GPR27,0.277782,mRNA
TCF3,0.149205,mRNA
KANK1,-0.146906,mRNA
FGF2,0.712201,mRNA
ZNF275,-0.329446,mRNA
TMEM135,-0.478136,mRNA
GNB1,0.16672,mRNA
PLEKHA1,-0.510106,mRNA
AVL9,-0.266915,mRNA
HNRNPA2B1,-0.205353,mRNA
MTHFR,0.419876,mRNA
RASEF,-0.841398,mRNA
TAB3,-0.326588,mRNA
CPNE1,0.266808,mRNA
LRRC57,0.0751429,mRNA
LSM11,-0.159387,mRNA
CBFA2T3,-0.35208,mRNA
DICER1,-0.769754,mRNA
SMURF1,0.131103,mRNA
GNAL,-1.57067,mRNA
BSG,0.380331,mRNA
UBE2V1,0.0149666,mRNA
CCDC80,-0.302732,mRNA
SEC61A1,0.178305,mRNA
HEYL,0.378444,mRNA
TSC22D2,-0.691628,mRNA
CPEB3,-0.978149,mRNA
WIPI2,0.0483824,mRNA
SERBP1,-0.109249,mRNA
AKAP11,-0.265871,mRNA
CDC37L1,-0.155562,mRNA
STX17,-0.287543,mRNA
RFK,0.316133,mRNA
BAG4,-0.196305,mRNA
BZW1,-0.0568027,mRNA
CCNE1,0.335076,mRNA
CCNT1,-0.986647,mRNA
CCNT2,-0.122915,mRNA
TPI1,0.0428666,mRNA
SHOC2,-0.269555,mRNA
DNAJC10,-0.269983,mRNA
ABCB7,0.0285856,mRNA
CDV3,-0.460335,mRNA
ETNK1,-0.230355,mRNA
C21orf62,-0.495075,mRNA
MIB1,-0.0209624,mRNA
TAOK1,-0.856784,mRNA
RPRD1B,-0.510488,mRNA
HAUS3,-0.254557,mRNA
DCAF17,-0.972195,mRNA
GABARAPL1,-0.470857,mRNA
LUZP1,0.174281,mRNA
TKTL1,-0.496051,mRNA
VEGFA,-0.610786,mRNA
THRAP3,-0.087324,mRNA
CD180,0.171385,mRNA
ACTR2,-0.0236828,mRNA
ARIH1,-0.128138,mRNA
PURA,-0.360597,mRNA
MLLT6,-0.0162498,mRNA
PSKH1,-0.509574,mRNA
YWHAQ,-0.173826,mRNA
VPS4A,-0.157617,mRNA
VCL,0.227135,mRNA
SOCS5,-0.157252,mRNA
OCRL,-0.349218,mRNA
KPNA1,0.170897,mRNA
PAFAH1B2,-0.451969,mRNA
CCL4,-0.759316,mRNA
SNCG,0.688792,mRNA
CREG1,-0.376238,mRNA
ARHGDIA,0.201071,mRNA
MAP4K2,-0.265381,mRNA
RAPH1,-0.606325,mRNA
MAFK,0.103718,mRNA
ENTPD6,0.0637025,mRNA
APP,-0.28577,mRNA
SH3BGRL2,0.0513059,mRNA
KATNAL1,-0.033525,mRNA
GNAT1,0.150711,mRNA
YTHDC1,-0.400138,mRNA
ZNF284,-0.235203,mRNA
TSPAN3,0.411049,mRNA
LIN54,-0.156043,mRNA
CCNL1,-0.508942,mRNA
FOXA2,-3.27968,mRNA
TFAM,-0.260676,mRNA
MET,2.287,mRNA
MAPK9,-0.0238455,mRNA
HGF,-1.41665,mRNA
PAK4,0.0204067,mRNA
TMOD2,-0.075333,mRNA
SLC8A1,0.161993,mRNA
CSGALNACT1,-2.26077,mRNA
HK2,0.815823,mRNA
TFDP2,0.076279,mRNA
DNAJA4,-0.275628,mRNA
ZNF544,-0.172362,mRNA
RNF115,0.0346098,mRNA
LAX1,-0.855952,mRNA
HIF1A,0.350471,mRNA
MAP3K9,-0.566213,mRNA
SMARCA2,-0.838943,mRNA
POLR2F,-0.2638,mRNA
COL19A1,1.72992,mRNA
POLA2,0.228019,mRNA
TGFB2,0.861801,mRNA
PODXL,0.284576,mRNA
ZNF394,-0.0302786,mRNA
JAG1,0.219686,mRNA
EXTL3,0.0579028,mRNA
OXSR1,-0.239233,mRNA
HES1,0.35713,mRNA
PDE11A,-2.57107,mRNA
ZNF846,-0.220249,mRNA
CHCHD4,0.0123095,mRNA
ZNF584,0.130655,mRNA
SLC26A2,0.231494,mRNA
ADAT2,-0.637682,mRNA
ANKFY1,0.447459,mRNA
CHCHD3,-0.0219723,mRNA
CD44,1.18645,mRNA
MTA3,-0.110414,mRNA
TLK2,-0.208602,mRNA
HOXA10,0.549466,mRNA
CTSC,1.73915,mRNA
CLNK,-0.0610276,mRNA
NR3C1,-0.533173,mRNA
LRRC55,0.111397,mRNA
CDH11,0.623082,mRNA
SRGAP1,-0.105088,mRNA
POU2F1,0.0527575,mRNA
TRPM3,-2.89314,mRNA
SYT6,0.330778,mRNA
CAMK2G,-0.221165,mRNA
PRKAR1A,0.172575,mRNA
RUNX2,1.83252,mRNA
NTRK2,-0.579938,mRNA
WNK3,-1.20319,mRNA
CDH8,0.96619,mRNA
AGAP1,0.19012,mRNA
IKZF2,0.769816,mRNA
ZNF385D,-0.646403,mRNA
ZNF362,0.196429,mRNA
PHF13,0.509872,mRNA
ALDH1A2,-2.02004,mRNA
ST3GAL1,-0.192752,mRNA
B4GALNT3,1.31619,mRNA
OPN5,0.482101,mRNA
ZSCAN22,-0.124949,mRNA
BCL9L,0.0382854,mRNA
GALNT10,-0.842315,mRNA
SFT2D2,-0.162871,mRNA
CREB1,-0.225102,mRNA
MBNL1,-0.134469,mRNA
SEMA4G,0.206579,mRNA
PTPRT,-0.651898,mRNA
CCR5,-0.307014,mRNA
MAPRE2,-0.820698,mRNA
SERP1,-0.294284,mRNA
USP47,-0.193297,mRNA
ZWILCH,0.082853,mRNA
PRLR,-0.147816,mRNA
ZNF48,0.302794,mRNA
AKAP1,-0.386706,mRNA
SPIB,-1.04022,mRNA
CDX2,-0.114291,mRNA
IL11,0.746771,mRNA
AKAP13,0.0630915,mRNA
DPF3,0.0340874,mRNA
ETF1,-0.197354,mRNA
AP1S1,0.69945,mRNA
GTDC1,-0.0898471,mRNA
FARP1,0.344207,mRNA
SYNJ2BP,-0.509453,mRNA
VN1R1,-0.238477,mRNA
BCL7A,0.356086,mRNA
BACH2,-0.182436,mRNA
LRRC4,1.31303,mRNA
SOST,-0.719833,mRNA
USP14,-0.0537714,mRNA
MDFI,2.20957,mRNA
IPO7,0.0993138,mRNA
TXNIP,-0.446299,mRNA
ERF,0.0659652,mRNA
WDR3,-0.23228,mRNA
SERINC3,-0.0256155,mRNA
TPPP,-2.52717,mRNA
PADI2,0.619941,mRNA
ANGPTL2,0.484917,mRNA
G3BP2,-0.164374,mRNA
ASGR1,-1.27801,mRNA
GLP1R,0.4685,mRNA
SOX4,1.475,mRNA
SPARC,0.889242,mRNA
HMGA2,5.83426,mRNA
STC2,0.529931,mRNA
SGPL1,0.302913,mRNA
EFNB2,0.673255,mRNA
BMPR1A,-0.736185,mRNA
CDH1,-0.209127,mRNA
CPT1B,0.62274,mRNA
ATF6B,0.0612335,mRNA
EFNB1,0.686078,mRNA
MUC4,0.885534,mRNA
SYNGR1,-1.07067,mRNA
CHCHD5,0.117643,mRNA
SORCS2,0.381166,mRNA
TGFBR1,1.41878,mRNA
SLC39A11,-0.491054,mRNA
ELOVL6,0.860822,mRNA
CACNG8,0.0348528,mRNA
RAB11FIP4,0.313298,mRNA
MYO18A,-0.339609,mRNA
IGFBP2,1.24642,mRNA
CYBB,0.508233,mRNA
IGFBP5,0.181195,mRNA
PPP3R1,0.0243301,mRNA
PLCXD3,-1.28241,mRNA
SAMD5,-2.08512,mRNA
SMOC1,-1.4201,mRNA
MYEF2,1.48592,mRNA
TOX4,-0.180867,mRNA
CREB3L2,-0.698258,mRNA
CHML,-0.429111,mRNA
TBX3,0.0531976,mRNA
SPTLC3,-0.425895,mRNA
FRS2,-0.444727,mRNA
STX6,0.204392,mRNA
SMAD2,-0.235118,mRNA
NFAT5,-0.197965,mRNA
FSTL1,-0.314637,mRNA
NUP50,-0.641637,mRNA
DLK1,0.070496,mRNA
GJA1,-0.941337,mRNA
PPIB,-0.0969776,mRNA
WDR89,-0.119986,mRNA
ZNF264,-0.120856,mRNA
ACBD5,-0.372707,mRNA
GPRIN3,-0.550299,mRNA
FMNL3,-0.054878,mRNA
TRAPPC2,0.183503,mRNA
DCAF8,-0.0364313,mRNA
SH3GLB1,0.0804068,mRNA
GNPTAB,0.292944,mRNA
F2RL3,0.355607,mRNA
ITGB1,0.399105,mRNA
NHLRC3,-0.401846,mRNA
SEC16A,-0.00159994,mRNA
POFUT1,-0.43501,mRNA
F2RL1,0.170627,mRNA
SERF1A,-0.101309,mRNA
IQSEC1,-0.148922,mRNA
WDR53,-0.128779,mRNA
USP28,0.0182508,mRNA
CAMTA1,0.190762,mRNA
SAMD12,0.239907,mRNA
KLRD1,-0.722374,mRNA
KIF6,-1.67824,mRNA
PSD3,1.80611,mRNA
REST,-0.399399,mRNA
MFSD8,-0.224817,mRNA
SLC12A6,-0.506494,mRNA
RGMB,0.061881,mRNA
SOCS7,-0.974509,mRNA
AGFG2,0.0467424,mRNA
TMEM67,-0.604994,mRNA
INPP5F,0.42457,mRNA
WAC,-0.395874,mRNA
PAFAH1B1,-0.313733,mRNA
GRK7,-0.206517,mRNA
NR2C2,-0.267505,mRNA
GAB1,-0.179725,mRNA
DUSP18,-0.38147,mRNA
ABHD2,-0.39428,mRNA
N4BP1,-0.102893,mRNA
MTMR3,-0.208377,mRNA
ZDHHC20,-0.0142851,mRNA
PGM2L1,0.61168,mRNA
UBXN2A,-0.0654842,mRNA
PRNP,0.19242,mRNA
BTN3A1,0.0855985,mRNA
ABHD15,-0.151991,mRNA
STAC2,0.866831,mRNA
POLQ,0.629307,mRNA
FHDC1,-1.64205,mRNA
AAK1,-1.11739,mRNA
MAP3K2,-0.468584,mRNA
RBM12B,-0.557172,mRNA
HIP1,0.936419,mRNA
ELAVL2,-0.0661757,mRNA
DPYSL2,0.0834157,mRNA
SLC7A11,-0.100189,mRNA
SLK,-0.385101,mRNA
PLEKHM1,0.221249,mRNA
MLXIP,-0.66439,mRNA
FBXO21,0.127299,mRNA
WSB1,0.324236,mRNA
TLR7,0.351202,mRNA
ERGIC2,0.18483,mRNA
WDR1,0.130441,mRNA
HIF1AN,-0.119762,mRNA
FKBP14,-0.205684,mRNA
RAB42,-0.354199,mRNA
BTN3A2,0.12458,mRNA
C18orf32,-0.0160366,mRNA
DNAL1,-0.75891,mRNA
BCL2L11,-1.09383,mRNA
CFL2,-0.563752,mRNA
BTF3L4,-0.0181867,mRNA
RAB5B,0.0151979,mRNA
SLC4A7,0.0160892,mRNA
TTPAL,-0.218683,mRNA
GTF2H3,-0.353414,mRNA
ISCA2,0.497382,mRNA
PTGES3,-0.0522566,mRNA
FBXO31,0.410841,mRNA
MFSD2A,0.443937,mRNA
ICA1L,0.298634,mRNA
ENPP5,-0.160688,mRNA
UBFD1,0.431882,mRNA
ENTPD7,-0.397937,mRNA
NRIP3,0.0568841,mRNA
ZNFX1,0.0331967,mRNA
GATAD1,-0.216472,mRNA
SLC30A1,-0.336207,mRNA
C17orf75,-0.13975,mRNA
ABCG8,-0.01883,mRNA
PANK3,-0.522543,mRNA
GPR157,-0.535276,mRNA
DDHD1,-0.00859572,mRNA
TRIM8,0.316693,mRNA
SLCO5A1,-0.351465,mRNA
ZNF805,0.138602,mRNA
SLC1A5,1.60479,mRNA
TRAF3IP2,0.0348885,mRNA
ZBED1,-0.0431743,mRNA
ZNF347,-0.537267,mRNA
SAMD8,-0.224004,mRNA
ARL1,-0.0491197,mRNA
KCNK6,0.924824,mRNA
SPTLC2,0.107152,mRNA
VPS26A,0.0228997,mRNA
FEZ2,0.0773057,mRNA
HMGB3,0.243622,mRNA
CHAF1A,0.373599,mRNA
MTF1,-0.598036,mRNA
MXI1,-0.443559,mRNA
PVR,-0.122343,mRNA
ZBTB6,-0.294332,mRNA
NUDT3,0.416111,mRNA
GLO1,-0.09589,mRNA
ZBTB25,-0.501166,mRNA
BRCA1,-0.231982,mRNA
WDR37,-0.478086,mRNA
OSTM1,0.0723525,mRNA
SPCS1,0.035054,mRNA
ITGA2,2.42653,mRNA
JAK1,0.177621,mRNA
MSH3,-0.219898,mRNA
PPP1R12B,-0.832713,mRNA
PPP6C,-0.310168,mRNA
RNASEH1,-0.248566,mRNA
CCL5,-0.658683,mRNA
E2F2,0.594424,mRNA
EIF2S1,-0.136934,mRNA
KCNMB1,0.792592,mRNA
BNIP2,-0.15787,mRNA
DUSP2,-0.562012,mRNA
PKNOX1,-0.697426,mRNA
WIPF2,-0.167564,mRNA
ANKRD13C,-0.238567,mRNA
MAPRE3,-0.108909,mRNA
MFN1,-0.126678,mRNA
KCND3,-1.48843,mRNA
YIPF4,-0.0552906,mRNA
GINS4,-0.0519205,mRNA
ZNF280B,-0.571603,mRNA
C15orf40,-0.228327,mRNA
CXorf38,-0.514622,mRNA
VTI1A,-0.21531,mRNA
RRN3,-0.0559409,mRNA
ZYG11A,-1.05227,mRNA
RUNX3,-0.648091,mRNA
RPS6KA5,-2.03313,mRNA
ALDH9A1,-0.564461,mRNA
REEP3,0.267565,mRNA
AKTIP,-0.0474762,mRNA
FBXO48,-0.76155,mRNA
COX19,-0.178844,mRNA
GPR155,-1.29555,mRNA
MUC17,0.0678834,mRNA
CRCP,-0.0337738,mRNA
MGAT4A,-0.0193007,mRNA
ZNF292,-0.483836,mRNA
PBX1,-0.228443,mRNA
DDAH1,0.588375,mRNA
LMBR1,0.150076,mRNA
NT5C2,-0.336053,mRNA
PHF20L1,-0.689023,mRNA
LONRF2,1.69213,mRNA
RALGPS2,-0.478903,mRNA
HOXA9,-0.568821,mRNA
FAM126B,-0.686997,mRNA
ANKRD46,-0.824439,mRNA
CKAP5,0.135741,mRNA
LPGAT1,-0.713014,mRNA
ERP44,-0.0751225,mRNA
DDHD2,-0.313244,mRNA
SATB1,-0.0144638,mRNA
PPP1R3B,0.590485,mRNA
MDM4,-0.286898,mRNA
DNM1L,-0.196577,mRNA
NUFIP2,-0.152744,mRNA
FMR1,0.120248,mRNA
ZNF217,0.616597,mRNA
EXOC5,-0.210502,mRNA
ATF2,-0.813082,mRNA
THBS1,0.79056,mRNA
B3GNT5,-0.306102,mRNA
SOCS4,-0.294138,mRNA
PLAT,0.374876,mRNA
OXTR,1.21523,mRNA
ATP2B4,0.0876605,mRNA
ZNF207,0.124762,mRNA
HIGD1A,-0.165414,mRNA
AP2B1,0.0577803,mRNA
RASSF4,-0.176385,mRNA
AP3M1,-0.217501,mRNA
ABLIM3,-0.903794,mRNA
GDPD5,-0.18511,mRNA
FGFR1,-0.338525,mRNA
BCL2L13,-0.00331037,mRNA
ZNRF1,0.188848,mRNA
CTNNB1,0.554633,mRNA
UBE2I,0.534511,mRNA
GMEB2,-0.279159,mRNA
SH3BP4,-0.45432,mRNA
PSMD10,-0.0293779,mRNA
SCN4B,-0.999873,mRNA
ERC1,-0.274966,mRNA
MEF2C,-0.466186,mRNA
GSR,-0.0239958,mRNA
CLEC2D,0.0960209,mRNA
CALU,0.13137,mRNA
CPD,0.57516,mRNA
NFIC,-0.599056,mRNA
TBPL1,-0.45681,mRNA
TRPS1,-0.534656,mRNA
PHLPP2,-0.835542,mRNA
ZBTB8B,0.983621,mRNA
WASF2,-0.107911,mRNA
CD274,-0.0998643,mRNA
NRAS,-0.156599,mRNA
PLXNB1,0.484508,mRNA
FLOT2,0.443864,mRNA
POU4F2,0.0372693,mRNA
ASH1L,-0.533136,mRNA
SRD5A3,-0.101397,mRNA
ALPK2,-0.35783,mRNA
BAX,1.06989,mRNA
MAPK14,0.133947,mRNA
PGAM4,-0.315556,mRNA
LRTM2,-0.947964,mRNA
MANSC1,0.0733485,mRNA
SORD,-1.45747,mRNA
PSAPL1,0.162754,mRNA
SMARCC2,0.0718061,mRNA
GGA3,0.33982,mRNA
RPL7L1,-0.330639,mRNA
ADCY5,-0.908874,mRNA
CYP20A1,-0.547076,mRNA
RD3,0.133075,mRNA
MKNK2,0.0741991,mRNA
RAET1E,2.21056,mRNA
VPS8,-0.262837,mRNA
SRP19,-0.103035,mRNA
M6PR,-0.0128251,mRNA
SHROOM3,0.199031,mRNA
ZNF8,0.00164438,mRNA
POPDC2,-0.12289,mRNA
TMEM185B,-0.430071,mRNA
ADIPOQ,-2.865,mRNA
AKAP5,-0.318668,mRNA
INHBA,0.27444,mRNA
BLOC1S3,0.12118,mRNA
KIAA1328,-0.62551,mRNA
PEX2,-0.276119,mRNA
PHAX,-0.293316,mRNA
PDE6A,0.652312,mRNA
SSX2IP,-0.121779,mRNA
ERBB4,-1.78306,mRNA
POU3F2,-0.0394024,mRNA
AMMECR1L,-0.263071,mRNA
TIAM1,2.9109,mRNA
MAPK10,-0.480979,mRNA
ZNF652,-0.481095,mRNA
IQCE,-0.407682,mRNA
PTPRF,0.658639,mRNA
DYRK3,-0.945602,mRNA
STAMBP,-0.0527485,mRNA
SLC19A3,-0.503791,mRNA
CABYR,0.705338,mRNA
CAMKK1,0.490782,mRNA
MIDN,0.12273,mRNA
AKT3,-0.0729472,mRNA
PRDM16,-1.45901,mRNA
LIMS1,-0.713264,mRNA
BRD1,-0.310628,mRNA
EEF1A1,0.237929,mRNA
DKK2,0.208635,mRNA
POGZ,-0.188867,mRNA
ANKRD28,-0.184955,mRNA
PHF21A,-0.0728914,mRNA
NDUFS1,-0.260792,mRNA
CROT,-0.372906,mRNA
C19orf12,-0.00083736,mRNA
GPR107,-0.296581,mRNA
TNKS2,-0.253834,mRNA
NDFIP1,-0.207723,mRNA
SIRT1,-0.383186,mRNA
SLC30A7,0.0821664,mRNA
STMN1,0.759864,mRNA
VANGL1,-1.09544,mRNA
PEG10,0.102063,mRNA
TNFSF10,-0.385933,mRNA
ARID1A,-0.264412,mRNA
ZNF236,-0.402148,mRNA
RHOA,0.06119,mRNA
HNRNPD,-0.122403,mRNA
DENR,0.0384986,mRNA
SNX4,-0.79675,mRNA
TCEAL1,-0.29535,mRNA
LRP6,-0.612487,mRNA
PCDHA3,0.609761,mRNA
PCDHAC1,0.836249,mRNA
BMF,0.47988,mRNA
BRWD1,-0.266599,mRNA
RBM33,-0.242518,mRNA
TMEM183A,-0.0233009,mRNA
SELE,-0.995698,mRNA
HNRNPA1,0.137227,mRNA
SDC4,2.19662,mRNA
TMEM101,0.112576,mRNA
CKAP2L,0.513895,mRNA
VKORC1L1,0.0899091,mRNA
MYLK3,-0.379076,mRNA
RCOR1,-0.0775525,mRNA
RRP15,-0.259554,mRNA
MRPS16,0.0853886,mRNA
RPL15,0.145995,mRNA
SLC39A10,0.824784,mRNA
DSC3,2.78244,mRNA
CARD8,-0.256694,mRNA
ABL1,-0.19548,mRNA
PABPC1,0.36174,mRNA
CYP1A2,-1.02813,mRNA
RPL27A,0.0869173,mRNA
ZNF749,-0.396368,mRNA
TRAT1,-1.02275,mRNA
LGALS3BP,0.321272,mRNA
GNAI3,-0.0299785,mRNA
TOP3A,-0.0543502,mRNA
ZNF131,-0.339544,mRNA
TRMT5,-0.347155,mRNA
TMCC1,0.208784,mRNA
GRB10,0.788612,mRNA
SMAD5,-0.272806,mRNA
PPP2R2A,0.0177122,mRNA
SMARCA4,0.606839,mRNA
MGAT4B,1.06571,mRNA
OSBPL10,0.85798,mRNA
UBR7,-0.169269,mRNA
ZNF714,0.227418,mRNA
EIF3I,0.36452,mRNA
ZFYVE16,-0.265093,mRNA
LUC7L2,-0.32138,mRNA
TRIM44,-0.648486,mRNA
PGPEP1,0.679992,mRNA
WDR6,0.185313,mRNA
NLE1,0.108547,mRNA
DDX21,-0.378374,mRNA
MDM2,0.557349,mRNA
SLC35A2,0.0465132,mRNA
TLE3,0.350172,mRNA
SERTAD4,-0.977873,mRNA
STOX2,-1.36788,mRNA
NFS1,-0.338028,mRNA
RECK,-0.676564,mRNA
PELI2,-1.09613,mRNA
CSNK1G1,-0.576367,mRNA
HIPK2,0.180357,mRNA
DOCK5,-0.782684,mRNA
FBXL18,-0.574156,mRNA
ZNF772,-0.226084,mRNA
COG5,-0.536622,mRNA
KIF3B,-0.37483,mRNA
SART1,0.209835,mRNA
SS18,0.0308079,mRNA
DCAF7,0.0386887,mRNA
CAPRIN1,0.0711507,mRNA
POLE,0.247666,mRNA
RNPS1,0.168665,mRNA
QKI,-0.372358,mRNA
CPSF6,-0.0515579,mRNA
FICD,-0.6091,mRNA
VCP,0.114445,mRNA
LRP10,0.153777,mRNA
ZNF770,0.224861,mRNA
MGMT,0.0802124,mRNA
PBX2,-0.0420094,mRNA
RBMS2,0.415856,mRNA
SORT1,-0.0802319,mRNA
SDHA,-0.199208,mRNA
ZW10,-0.092342,mRNA
PIWIL1,2.28584,mRNA
BBC3,2.16725,mRNA
TOM1,-0.0200242,mRNA
FYTTD1,0.138613,mRNA
CBX2,1.42342,mRNA
C18orf25,-0.180882,mRNA
CDKL5,-0.917123,mRNA
UBIAD1,-0.241037,mRNA
TIMM50,0.220265,mRNA
RNF215,0.153189,mRNA
TP53BP2,-0.0965994,mRNA
MCCC2,-0.360727,mRNA
WNK2,-1.569,mRNA
FXN,-0.356301,mRNA
RFX3,-0.599921,mRNA
PNRC1,-0.420711,mRNA
CCDC59,-0.366741,mRNA
ACER2,1.00786,mRNA
SCARB1,0.132214,mRNA
RANGAP1,0.280969,mRNA
FOXO1,-0.77122,mRNA
POLL,-0.0305134,mRNA
ADD1,0.0862244,mRNA
SPIN3,-0.316145,mRNA
PPARA,-0.440728,mRNA
UFM1,-0.17287,mRNA
EGFR,0.0236313,mRNA
STX7,-0.342522,mRNA
CLEC4E,-1.20925,mRNA
UBXN2B,-0.222747,mRNA
NLGN1,-2.53391,mRNA
CBX3,0.409023,mRNA
SLC38A1,-0.899705,mRNA
DCK,0.0163718,mRNA
OTUD4,-0.256216,mRNA
BAHD1,0.282241,mRNA
NPM1,0.208247,mRNA
SLC1A2,-1.52721,mRNA
SRC,0.616808,mRNA
MYO1D,0.43027,mRNA
ZNF331,-0.671534,mRNA
RPS4Y1,-0.0407706,mRNA
SATB2,0.441027,mRNA
SPRED1,0.307802,mRNA
IL5RA,-0.981092,mRNA
NF2,0.142953,mRNA
CXCL12,-1.40605,mRNA
NDFIP2,0.210384,mRNA
SRPX2,1.08609,mRNA
SERTAD2,0.373425,mRNA
KLHDC10,-0.569001,mRNA
XPO6,-0.197265,mRNA
INTU,-0.200035,mRNA
UBA6,-0.0277854,mRNA
RDX,-0.567497,mRNA
JARID2,-0.0948778,mRNA
ARPC5,-0.0844373,mRNA
STK40,-0.352832,mRNA
SFXN1,-0.116648,mRNA
EDC3,0.0864004,mRNA
CDK1,0.307581,mRNA
SP7,-0.0859411,mRNA
CASR,-1.19233,mRNA
MMP16,2.2683,mRNA
FRK,-0.856433,mRNA
ABCB9,0.777075,mRNA
QSER1,-0.206395,mRNA
NFATC2IP,-0.0256052,mRNA
PPM1L,-1.67778,mRNA
PPIL2,-0.213101,mRNA
NFE2L1,-0.251136,mRNA
AR,-2.33554,mRNA
RPL37A,0.250237,mRNA
MXRA7,0.163756,mRNA
RUNX1T1,-1.89302,mRNA
GPRIN2,-0.903637,mRNA
TBC1D13,-0.237852,mRNA
BEST3,-0.119358,mRNA
L2HGDH,-0.621006,mRNA
TBCK,-0.344106,mRNA
USP3,0.160085,mRNA
RNFT2,1.13082,mRNA
NWD1,-3.78565,mRNA
SAMD4A,1.176,mRNA
ABCC1,-0.51134,mRNA
NTRK3,1.28019,mRNA
PLA2G4E,-0.117603,mRNA
TSPAN6,-0.0621361,mRNA
CCPG1,-0.191985,mRNA
UHMK1,-0.767167,mRNA
PAX8,-0.773091,mRNA
EIF1AX,-0.302753,mRNA
CNP,0.435151,mRNA
TRIM10,0.112749,mRNA
TNFRSF13C,-0.496116,mRNA
AKR7A2,-0.124682,mRNA
HDLBP,-0.109423,mRNA
GNPDA1,0.558846,mRNA
PLA2G2D,-0.918993,mRNA
CDC23,-0.17316,mRNA
NLRC5,0.173844,mRNA
CPT2,0.132026,mRNA
ADARB1,0.477191,mRNA
CFLAR,-0.31665,mRNA
GAPVD1,-0.285865,mRNA
OPA1,-0.28476,mRNA
CD40,0.456252,mRNA
ERLIN2,-0.506502,mRNA
SYNGR2,0.757933,mRNA
AXIN2,-1.26295,mRNA
CLTB,0.340573,mRNA
NUP98,-0.170984,mRNA
ITGA6,0.762288,mRNA
TPM1,0.0428073,mRNA
LARP1,-0.0902275,mRNA
CDON,-2.20797,mRNA
ANKS1A,-0.536548,mRNA
CASP6,0.325235,mRNA
CDC25C,0.624832,mRNA
KCNH1,0.507608,mRNA
MKLN1,-0.330214,mRNA
AKT1,0.292482,mRNA
ADNP,-0.283575,mRNA
RBM12,-0.351385,mRNA
FUT8,0.166028,mRNA
SPTBN1,-0.840735,mRNA
APAF1,-0.221035,mRNA
SYNE2,-0.79571,mRNA
BIRC3,-0.159458,mRNA
ZDHHC16,0.431105,mRNA
DIABLO,0.212106,mRNA
NDRG1,-0.677062,mRNA
TRAF3,-0.53083,mRNA
IRGQ,0.233426,mRNA
EXT2,0.0287332,mRNA
MTAP,0.100381,mRNA
BCLAF1,-0.290249,mRNA
RNF40,-0.0974025,mRNA
MTMR9,-0.261876,mRNA
GIGYF2,-0.182357,mRNA
GDE1,0.292744,mRNA
FIGN,-0.457538,mRNA
POLR3E,-0.221572,mRNA
CASP10,0.559884,mRNA
KIF2A,-0.318868,mRNA
NUCKS1,-0.276073,mRNA
ACSL4,0.103274,mRNA
WDR77,0.0122055,mRNA
PLIN3,0.184901,mRNA
RRM2,1.27212,mRNA
GYG1,0.261357,mRNA
FOSL1,0.743033,mRNA
UST,-1.02199,mRNA
CCT3,0.205961,mRNA
PDGFRA,-2.09843,mRNA
RRAS,0.96998,mRNA
ERLIN1,0.371716,mRNA
SNTB2,-0.534279,mRNA
RAB3GAP2,-0.249995,mRNA
AKR1B1,-0.0554724,mRNA
GATA4,-1.10563,mRNA
CXCL9,-0.499351,mRNA
PDXK,0.0378403,mRNA
PEA15,0.566447,mRNA
HRK,1.7363,mRNA
TNFRSF10A,0.709381,mRNA
BCL10,-0.1793,mRNA
PKP2,1.70917,mRNA
STX1A,0.0411178,mRNA
TSN,0.176668,mRNA
TOMM40,0.14547,mRNA
RBCK1,0.306035,mRNA
EDEM3,-0.294256,mRNA
RNF169,-0.303103,mRNA
BCL2A1,0.229064,mRNA
AIFM1,-0.162853,mRNA
ALS2,-0.30849,mRNA
LLPH,-0.0620643,mRNA
MBD6,-0.202817,mRNA
FKBP1B,-0.213014,mRNA
TPCN2,-0.210669,mRNA
GDF5,0.0474143,mRNA
MOV10,0.337814,mRNA
CD70,1.7213,mRNA
TNF,-0.884273,mRNA
POLR2A,-0.00532241,mRNA
RPL37,0.172892,mRNA
BIRC5,1.21499,mRNA
TGFBR2,-0.327293,mRNA
SHE,0.70267,mRNA
ZNF460,-0.654611,mRNA
FNIP1,-0.160198,mRNA
FBXW2,-0.190183,mRNA
GGCX,-0.209955,mRNA
ZNF417,-0.574944,mRNA
AURKA,-0.344306,mRNA
NUP43,0.0541169,mRNA
KCNC4,0.0666361,mRNA
SUPT7L,0.0482332,mRNA
ZDHHC5,0.288447,mRNA
CYTH2,0.0602444,mRNA
ESRP1,0.300003,mRNA
UHRF1BP1,-0.0867985,mRNA
G2E3,-0.687721,mRNA
SLC25A36,-0.383897,mRNA
TEF,0.167792,mRNA
LHFPL2,0.143218,mRNA
AKAP10,-0.536876,mRNA
SOX11,2.50261,mRNA
ZNF157,-1.05299,mRNA
KIF5B,0.0635354,mRNA
GCNT3,-1.02526,mRNA
SPRYD4,-0.083497,mRNA
HOXA13,0.346571,mRNA
CNOT4,-0.446973,mRNA
GPBP1,-0.294896,mRNA
ZNF148,-0.543965,mRNA
SCARB2,0.48429,mRNA
USP22,-0.0557048,mRNA
LIMA1,0.038162,mRNA
POLR1B,-0.23557,mRNA
NOLC1,-0.565351,mRNA
XPO4,-0.415111,mRNA
SHC1,0.290041,mRNA
TLR3,-1.05366,mRNA
CYB561D1,-0.153453,mRNA
TRIM13,0.0214038,mRNA
MTRF1L,-0.295153,mRNA
TM2D2,-0.333375,mRNA
SLFN12L,-0.892193,mRNA
SIPA1L2,1.27245,mRNA
P2RX5,-1.17368,mRNA
HDAC4,-1.26916,mRNA
RHOBTB3,1.04333,mRNA
AASDHPPT,-0.0621153,mRNA
VAC14,0.0618019,mRNA
GREM1,-1.04784,mRNA
TOR1AIP2,-0.0793921,mRNA
SPAG9,-0.468277,mRNA
PAPOLG,-0.533392,mRNA
BRD7,0.0876776,mRNA
DUSP6,2.24118,mRNA
PTPRS,-0.153794,mRNA
FZD5,-0.961976,mRNA
ZNF181,-0.676662,mRNA
CRISPLD2,-0.956805,mRNA
IL6R,-0.606354,mRNA
DYRK1A,-0.337604,mRNA
PIK3R1,-0.0574386,mRNA
BNC2,-0.752866,mRNA
YIPF6,-0.487221,mRNA
BCDIN3D,-0.419444,mRNA
TRIM33,-0.178623,mRNA
ZFAND5,-0.384693,mRNA
LETM2,-0.207611,mRNA
APLP2,0.793674,mRNA
ZNF134,-0.377321,mRNA
CADM1,0.0313251,mRNA
UBE2S,-0.13585,mRNA
RCOR3,-0.0956768,mRNA
HPGD,-0.360668,mRNA
CENPN,-0.0669076,mRNA
MBD4,0.0469316,mRNA
SEC23IP,-0.307189,mRNA
IGSF3,1.03532,mRNA
UBASH3B,-0.254349,mRNA
MACROD2,1.44726,mRNA
NAA25,-0.31336,mRNA
EFTUD2,0.242284,mRNA
DLGAP3,0.249369,mRNA
BSPRY,-0.25744,mRNA
PBX3,0.629751,mRNA
PPIP5K2,-0.383862,mRNA
WDR13,0.0788694,mRNA
MAP2K1,0.204793,mRNA
GLP2R,-0.522743,mRNA
RASSF2,-0.55784,mRNA
RNF149,0.230361,mRNA
CHMP4B,0.0829194,mRNA
SESTD1,-0.194634,mRNA
MACC1,1.1058,mRNA
CDC25A,-0.730046,mRNA
FBXL20,0.02468,mRNA
RPRD2,0.129244,mRNA
ANAPC13,-0.412624,mRNA
PHF19,0.292937,mRNA
FCF1,-0.447549,mRNA
LUC7L3,-0.157521,mRNA
E2F3,0.161035,mRNA
ANLN,1.09971,mRNA
CCND3,0.784093,mRNA
RBBP6,-0.431746,mRNA
DMTF1,-0.228458,mRNA
CLSPN,1.26816,mRNA
CHAC1,0.320129,mRNA
PANK2,0.274854,mRNA
CDADC1,-1.18823,mRNA
PPIG,-0.372326,mRNA
IER2,-1.51946,mRNA
LANCL1,-0.246043,mRNA
CAPZA2,0.00127572,mRNA
SLC2A3,0.201065,mRNA
TLL1,-0.747592,mRNA
NCKAP1,0.124156,mRNA
LAMP2,0.254413,mRNA
SSU72,-0.197219,mRNA
NR6A1,-0.73708,mRNA
CCND2,1.27209,mRNA
ELK4,-0.581819,mRNA
SKI,-0.256343,mRNA
TNFSF9,1.22509,mRNA
GPRC5A,0.0319353,mRNA
TBRG1,-0.223454,mRNA
ZCCHC3,-0.0906483,mRNA
RAB15,1.01553,mRNA
HSPA4L,-0.524455,mRNA
FOXK1,0.00237964,mRNA
CLCC1,-0.233567,mRNA
PIKFYVE,-0.413066,mRNA
ARPP19,-0.082231,mRNA
VGLL4,-0.264111,mRNA
SDC3,1.24498,mRNA
HES2,2.66434,mRNA
NR1D2,-0.143946,mRNA
ABCC9,-0.908566,mRNA
RNF152,-0.414211,mRNA
LEAP2,-0.538775,mRNA
PDE4C,3.39864,mRNA
ANKRD50,-0.219359,mRNA
RPS16,0.113295,mRNA
AP1G1,-0.172071,mRNA
ANKRD9,-0.697965,mRNA
STK4,-0.2025,mRNA
KIF1A,-2.43319,mRNA
GEN1,-0.412395,mRNA
FAM120AOS,-0.189454,mRNA
ZBTB44,-0.32215,mRNA
ATP11B,0.0132118,mRNA
RAP1GAP2,0.628313,mRNA
MRAS,-0.0454231,mRNA
AGAP3,0.17453,mRNA
ACTN4,0.610742,mRNA
CEBPG,-0.268584,mRNA
SLC31A1,-0.17653,mRNA
SRPK1,0.0213946,mRNA
GCM1,-0.25416,mRNA
ARCN1,-0.0710393,mRNA
MORF4L2,-0.252564,mRNA
RPS19,0.391838,mRNA
RPS29,0.143571,mRNA
LSM3,-0.221885,mRNA
KIF18B,1.10266,mRNA
KCNK10,0.170032,mRNA
ZMAT3,1.44987,mRNA
ENTPD1,2.20245,mRNA
ZNF578,0.236401,mRNA
TK1,1.79306,mRNA
AZIN1,-0.320716,mRNA
LHFPL5,0.227137,mRNA
ZNF107,-0.342564,mRNA
GPR173,0.233604,mRNA
EEF2K,0.13138,mRNA
TOR1AIP1,-0.447977,mRNA
COPS7B,0.246703,mRNA
KCNB1,-0.961281,mRNA
NCBP2,0.0711113,mRNA
MATN1,-0.390173,mRNA
COIL,-0.29932,mRNA
ANKRD40,-0.10453,mRNA
OTUD7A,-0.60448,mRNA
ZNF740,-0.220844,mRNA
TMEM97,0.0281649,mRNA
TMEM106B,0.082156,mRNA
IDE,-0.0989825,mRNA
ST3GAL5,1.3249,mRNA
FXR1,0.0036321,mRNA
GLDN,2.13935,mRNA
SRGAP2,0.869972,mRNA
MICALL1,-0.169517,mRNA
UBE2A,0.563695,mRNA
PAK1,-0.131883,mRNA
SULT1B1,0.537958,mRNA
EHD3,-0.139073,mRNA
ZNF385A,0.176443,mRNA
KIF16B,-0.504776,mRNA
BMPR2,0.144645,mRNA
GLS,0.160195,mRNA
GNA12,-0.0890615,mRNA
CRLS1,0.0809407,mRNA
CNNM4,-0.524721,mRNA
ALG9,-0.0616428,mRNA
ROR1,0.579259,mRNA
SLC5A3,-0.227063,mRNA
CNTNAP2,-1.65519,mRNA
SERPINB5,1.22414,mRNA
RYK,0.0436845,mRNA
SLIT3,-0.242573,mRNA
PIGH,-0.22185,mRNA
GJC1,1.12565,mRNA
COMMD7,0.0322026,mRNA
ADCY9,-0.486089,mRNA
DAZAP2,-0.325737,mRNA
RSPRY1,-0.188636,mRNA
CACNG5,-0.0917909,mRNA
PIK3R3,0.125385,mRNA
FAM136A,0.132232,mRNA
RASGRP3,-0.0383387,mRNA
CHERP,-0.0161853,mRNA
FOXJ3,-0.366195,mRNA
NNAT,-1.06292,mRNA
RNF41,-0.104873,mRNA
SMYD1,-0.0676379,mRNA
PRDM2,-0.644375,mRNA
NKIRAS2,0.0262061,mRNA
KLF7,-0.216714,mRNA
EYA3,-0.885824,mRNA
CRTC3,-0.355207,mRNA
MARCKSL1,0.322011,mRNA
NRF1,-0.158093,mRNA
RANBP2,-0.467993,mRNA
PTPRJ,-0.453207,mRNA
PAQR5,-0.737531,mRNA
CNTFR,-3.07468,mRNA
ARHGAP42,0.178704,mRNA
SLC2A5,0.0569558,mRNA
MARVELD2,-0.426531,mRNA
EIF3L,-0.153425,mRNA
SPPL2A,-0.182638,mRNA
NPEPPS,0.349295,mRNA
NUDCD1,-0.275712,mRNA
SLC24A4,-0.067745,mRNA
THSD4,0.12798,mRNA
ZNF185,-0.736691,mRNA
ZNF423,-0.376528,mRNA
HIC2,-0.737266,mRNA
PPP1R16B,-1.16827,mRNA
CPSF2,-0.0609255,mRNA
CDC42SE1,0.27615,mRNA
PERP,1.37672,mRNA
SHISA6,1.93543,mRNA
MPDU1,0.0297773,mRNA
TACC2,-0.890277,mRNA
ITPKB,0.470654,mRNA
GRK1,-1.15229,mRNA
SLC7A5,0.797262,mRNA
CAPN5,-0.204353,mRNA
WNT7B,0.789935,mRNA
SPATA5,-0.241169,mRNA
UNC119B,-0.664056,mRNA
GRIN2A,0.0197746,mRNA
SMARCD1,-0.00203784,mRNA
PISD,0.056929,mRNA
FAM83G,0.0592549,mRNA
MTHFD2,0.49606,mRNA
APBB2,-0.636661,mRNA
HOXC12,0.00438728,mRNA
PPP4R2,-0.502186,mRNA
TNFAIP8,-0.740664,mRNA
FRMD4B,-0.560983,mRNA
PRRX1,-1.40211,mRNA
SOX7,-0.372399,mRNA
SERINC5,-0.164119,mRNA
ONECUT2,-1.00275,mRNA
SLC30A4,-1.06147,mRNA
TTC7B,-0.0233559,mRNA
PTPN11,-0.163425,mRNA
PHF3,-0.368213,mRNA
COQ7,-0.375171,mRNA
FCGR3B,-0.255823,mRNA
RAB22A,-0.0297901,mRNA
B3GALNT1,-0.746772,mRNA
POLD3,-0.09097,mRNA
VDR,0.644361,mRNA
TNPO1,-0.466053,mRNA
GTPBP2,0.375449,mRNA
PLEKHA2,-0.837363,mRNA
IFI27,0.621646,mRNA
LINS1,-0.236727,mRNA
TNS1,-0.966076,mRNA
TMEM151A,-0.286306,mRNA
TSHZ2,-1.32547,mRNA
RNF8,-0.0761117,mRNA
RAPGEF1,-0.122795,mRNA
LPP,-1.00371,mRNA
RWDD1,-0.0420611,mRNA
LTF,-3.01195,mRNA
UQCRB,-0.000523847,mRNA
RBM27,-0.291904,mRNA
NLGN4X,0.0499343,mRNA
ZNF747,-0.054854,mRNA
LRRC2,-1.48525,mRNA
RPAP2,-0.366463,mRNA
CSRNP3,-0.564136,mRNA
GSK3B,0.210235,mRNA
TADA2A,-0.517543,mRNA
ZNF22,-0.708631,mRNA
ESM1,2.14671,mRNA
RGS17,-1.83385,mRNA
DR1,0.0630073,mRNA
HSPA4,0.0948887,mRNA
RAP2B,0.566122,mRNA
TLR4,-0.198074,mRNA
CMKLR1,-0.736765,mRNA
DTX1,-0.186837,mRNA
GJB1,-1.70977,mRNA
CD55,1.81334,mRNA
PATZ1,0.00871605,mRNA
TRAF7,0.425782,mRNA
ACVRL1,0.0422191,mRNA
POTEG,-0.0972474,mRNA
