Source1,Source2,Shared_Targets_Count
MIMAT0000103,MIMAT0000430,467
MIMAT0000103,MIMAT0004552,420
MIMAT0000103,MIMAT0000434,181
MIMAT0000103,MIMAT0000433,27
MIMAT0000103,MIMAT0000436,26
MIMAT0000103,MIMAT0004600,44
MIMAT0000103,MIMAT0004766,480
MIMAT0000103,MIMAT0002809,204
MIMAT0000103,MIMAT0000451,407
MIMAT0000103,MIMAT0004518,111
MIMAT0000103,MIMAT0004558,214
MIMAT0000103,MIMAT0000256,138
MIMAT0000103,MIMAT0000257,302
MIMAT0000103,MIMAT0000072,452
MIMAT0000103,MIMAT0002819,360
MIMAT0000103,MIMAT0000461,241
MIMAT0000103,MIMAT0000232,253
MIMAT0000103,MIMAT0004563,253
MIMAT0000103,MIMAT0000265,488
MIMAT0000103,MIMAT0000076,112
MIMAT0000103,MIMAT0000278,386
MIMAT0000103,MIMAT0000279,429
MIMAT0000103,MIMAT0004569,377
MIMAT0000103,MIMAT0004501,603
MIMAT0000103,MIMAT0015378,337
MIMAT0000103,MIMAT0000753,175
MIMAT0000103,MIMAT0000255,533
MIMAT0000103,MIMAT0000710,122
MIMAT0000103,MIMAT0000728,174
MIMAT0000103,MIMAT0001631,83
MIMAT0000103,MIMAT0002177,434
MIMAT0000103,MIMAT0002874,418
MIMAT0000103,MIMAT0003322,393
MIMAT0000103,MIMAT0004926,317
MIMAT0000103,MIMAT0000441,159
MIMAT0000430,MIMAT0004552,618
MIMAT0000430,MIMAT0000434,219
MIMAT0000430,MIMAT0000433,31
MIMAT0000430,MIMAT0000436,36
MIMAT0000430,MIMAT0004600,57
MIMAT0000430,MIMAT0004766,683
MIMAT0000430,MIMAT0002809,251
MIMAT0000430,MIMAT0000451,529
MIMAT0000430,MIMAT0004518,133
MIMAT0000430,MIMAT0004558,258
MIMAT0000430,MIMAT0000256,198
MIMAT0000430,MIMAT0000257,382
MIMAT0000430,MIMAT0000072,521
MIMAT0000430,MIMAT0002819,525
MIMAT0000430,MIMAT0000461,313
MIMAT0000430,MIMAT0000232,345
MIMAT0000430,MIMAT0004563,345
MIMAT0000430,MIMAT0000265,643
MIMAT0000430,MIMAT0000076,137
MIMAT0000430,MIMAT0000278,558
MIMAT0000430,MIMAT0000279,635
MIMAT0000430,MIMAT0004569,485
MIMAT0000430,MIMAT0004501,848
MIMAT0000430,MIMAT0015378,417
MIMAT0000430,MIMAT0000753,211
MIMAT0000430,MIMAT0000255,732
MIMAT0000430,MIMAT0000710,153
MIMAT0000430,MIMAT0000728,229
MIMAT0000430,MIMAT0001631,108
MIMAT0000430,MIMAT0002177,603
MIMAT0000430,MIMAT0002874,576
MIMAT0000430,MIMAT0003322,533
MIMAT0000430,MIMAT0004926,416
MIMAT0000430,MIMAT0000441,262
MIMAT0004552,MIMAT0000434,199
MIMAT0004552,MIMAT0000433,21
MIMAT0004552,MIMAT0000436,24
MIMAT0004552,MIMAT0004600,45
MIMAT0004552,MIMAT0004766,649
MIMAT0004552,MIMAT0002809,226
MIMAT0004552,MIMAT0000451,511
MIMAT0004552,MIMAT0004518,123
MIMAT0004552,MIMAT0004558,250
MIMAT0004552,MIMAT0000256,169
MIMAT0004552,MIMAT0000257,378
MIMAT0004552,MIMAT0000072,471
MIMAT0004552,MIMAT0002819,517
MIMAT0004552,MIMAT0000461,272
MIMAT0004552,MIMAT0000232,306
MIMAT0004552,MIMAT0004563,306
MIMAT0004552,MIMAT0000265,612
MIMAT0004552,MIMAT0000076,93
MIMAT0004552,MIMAT0000278,489
MIMAT0004552,MIMAT0000279,580
MIMAT0004552,MIMAT0004569,436
MIMAT0004552,MIMAT0004501,780
MIMAT0004552,MIMAT0015378,382
MIMAT0004552,MIMAT0000753,190
MIMAT0004552,MIMAT0000255,617
MIMAT0004552,MIMAT0000710,164
MIMAT0004552,MIMAT0000728,238
MIMAT0004552,MIMAT0001631,104
MIMAT0004552,MIMAT0002177,582
MIMAT0004552,MIMAT0002874,529
MIMAT0004552,MIMAT0003322,456
MIMAT0004552,MIMAT0004926,389
MIMAT0004552,MIMAT0000441,197
MIMAT0000434,MIMAT0000433,12
MIMAT0000434,MIMAT0000436,16
MIMAT0000434,MIMAT0004600,20
MIMAT0000434,MIMAT0004766,222
MIMAT0000434,MIMAT0002809,102
MIMAT0000434,MIMAT0000451,199
MIMAT0000434,MIMAT0004518,56
MIMAT0000434,MIMAT0004558,109
MIMAT0000434,MIMAT0000256,73
MIMAT0000434,MIMAT0000257,124
MIMAT0000434,MIMAT0000072,170
MIMAT0000434,MIMAT0002819,193
MIMAT0000434,MIMAT0000461,113
MIMAT0000434,MIMAT0000232,130
MIMAT0000434,MIMAT0004563,130
MIMAT0000434,MIMAT0000265,211
MIMAT0000434,MIMAT0000076,52
MIMAT0000434,MIMAT0000278,176
MIMAT0000434,MIMAT0000279,219
MIMAT0000434,MIMAT0004569,180
MIMAT0000434,MIMAT0004501,276
MIMAT0000434,MIMAT0015378,153
MIMAT0000434,MIMAT0000753,80
MIMAT0000434,MIMAT0000255,264
MIMAT0000434,MIMAT0000710,64
MIMAT0000434,MIMAT0000728,78
MIMAT0000434,MIMAT0001631,34
MIMAT0000434,MIMAT0002177,195
MIMAT0000434,MIMAT0002874,186
MIMAT0000434,MIMAT0003322,179
MIMAT0000434,MIMAT0004926,136
MIMAT0000434,MIMAT0000441,100
MIMAT0000433,MIMAT0000436,2
MIMAT0000433,MIMAT0004600,5
MIMAT0000433,MIMAT0004766,28
MIMAT0000433,MIMAT0002809,14
MIMAT0000433,MIMAT0000451,23
MIMAT0000433,MIMAT0004518,7
MIMAT0000433,MIMAT0004558,13
MIMAT0000433,MIMAT0000256,11
MIMAT0000433,MIMAT0000257,17
MIMAT0000433,MIMAT0000072,17
MIMAT0000433,MIMAT0002819,21
MIMAT0000433,MIMAT0000461,20
MIMAT0000433,MIMAT0000232,16
MIMAT0000433,MIMAT0004563,16
MIMAT0000433,MIMAT0000265,27
MIMAT0000433,MIMAT0000076,2
MIMAT0000433,MIMAT0000278,23
MIMAT0000433,MIMAT0000279,30
MIMAT0000433,MIMAT0004569,30
MIMAT0000433,MIMAT0004501,34
MIMAT0000433,MIMAT0015378,24
MIMAT0000433,MIMAT0000753,11
MIMAT0000433,MIMAT0000255,32
MIMAT0000433,MIMAT0000710,12
MIMAT0000433,MIMAT0000728,12
MIMAT0000433,MIMAT0001631,4
MIMAT0000433,MIMAT0002177,30
MIMAT0000433,MIMAT0002874,33
MIMAT0000433,MIMAT0003322,30
MIMAT0000433,MIMAT0004926,15
MIMAT0000433,MIMAT0000441,16
MIMAT0000436,MIMAT0004600,4
MIMAT0000436,MIMAT0004766,33
MIMAT0000436,MIMAT0002809,12
MIMAT0000436,MIMAT0000451,35
MIMAT0000436,MIMAT0004518,6
MIMAT0000436,MIMAT0004558,8
MIMAT0000436,MIMAT0000256,9
MIMAT0000436,MIMAT0000257,21
MIMAT0000436,MIMAT0000072,26
MIMAT0000436,MIMAT0002819,24
MIMAT0000436,MIMAT0000461,25
MIMAT0000436,MIMAT0000232,10
MIMAT0000436,MIMAT0004563,10
MIMAT0000436,MIMAT0000265,31
MIMAT0000436,MIMAT0000076,7
MIMAT0000436,MIMAT0000278,28
MIMAT0000436,MIMAT0000279,32
MIMAT0000436,MIMAT0004569,28
MIMAT0000436,MIMAT0004501,39
MIMAT0000436,MIMAT0015378,22
MIMAT0000436,MIMAT0000753,10
MIMAT0000436,MIMAT0000255,32
MIMAT0000436,MIMAT0000710,13
MIMAT0000436,MIMAT0000728,10
MIMAT0000436,MIMAT0001631,6
MIMAT0000436,MIMAT0002177,24
MIMAT0000436,MIMAT0002874,28
MIMAT0000436,MIMAT0003322,20
MIMAT0000436,MIMAT0004926,23
MIMAT0000436,MIMAT0000441,16
MIMAT0004600,MIMAT0004766,63
MIMAT0004600,MIMAT0002809,23
MIMAT0004600,MIMAT0000451,46
MIMAT0004600,MIMAT0004518,19
MIMAT0004600,MIMAT0004558,29
MIMAT0004600,MIMAT0000256,29
MIMAT0004600,MIMAT0000257,35
MIMAT0004600,MIMAT0000072,49
MIMAT0004600,MIMAT0002819,47
MIMAT0004600,MIMAT0000461,23
MIMAT0004600,MIMAT0000232,30
MIMAT0004600,MIMAT0004563,30
MIMAT0004600,MIMAT0000265,58
MIMAT0004600,MIMAT0000076,14
MIMAT0004600,MIMAT0000278,49
MIMAT0004600,MIMAT0000279,67
MIMAT0004600,MIMAT0004569,51
MIMAT0004600,MIMAT0004501,75
MIMAT0004600,MIMAT0015378,40
MIMAT0004600,MIMAT0000753,26
MIMAT0004600,MIMAT0000255,61
MIMAT0004600,MIMAT0000710,12
MIMAT0004600,MIMAT0000728,20
MIMAT0004600,MIMAT0001631,7
MIMAT0004600,MIMAT0002177,45
MIMAT0004600,MIMAT0002874,55
MIMAT0004600,MIMAT0003322,41
MIMAT0004600,MIMAT0004926,43
MIMAT0004600,MIMAT0000441,22
MIMAT0004766,MIMAT0002809,288
MIMAT0004766,MIMAT0000451,606
MIMAT0004766,MIMAT0004518,149
MIMAT0004766,MIMAT0004558,288
MIMAT0004766,MIMAT0000256,196
MIMAT0004766,MIMAT0000257,439
MIMAT0004766,MIMAT0000072,531
MIMAT0004766,MIMAT0002819,605
MIMAT0004766,MIMAT0000461,305
MIMAT0004766,MIMAT0000232,344
MIMAT0004766,MIMAT0004563,344
MIMAT0004766,MIMAT0000265,714
MIMAT0004766,MIMAT0000076,118
MIMAT0004766,MIMAT0000278,569
MIMAT0004766,MIMAT0000279,703
MIMAT0004766,MIMAT0004569,504
MIMAT0004766,MIMAT0004501,896
MIMAT0004766,MIMAT0015378,453
MIMAT0004766,MIMAT0000753,254
MIMAT0004766,MIMAT0000255,712
MIMAT0004766,MIMAT0000710,173
MIMAT0004766,MIMAT0000728,261
MIMAT0004766,MIMAT0001631,132
MIMAT0004766,MIMAT0002177,684
MIMAT0004766,MIMAT0002874,600
MIMAT0004766,MIMAT0003322,549
MIMAT0004766,MIMAT0004926,462
MIMAT0004766,MIMAT0000441,266
MIMAT0002809,MIMAT0000451,231
MIMAT0002809,MIMAT0004518,72
MIMAT0002809,MIMAT0004558,115
MIMAT0002809,MIMAT0000256,82
MIMAT0002809,MIMAT0000257,170
MIMAT0002809,MIMAT0000072,231
MIMAT0002809,MIMAT0002819,199
MIMAT0002809,MIMAT0000461,146
MIMAT0002809,MIMAT0000232,130
MIMAT0002809,MIMAT0004563,130
MIMAT0002809,MIMAT0000265,268
MIMAT0002809,MIMAT0000076,61
MIMAT0002809,MIMAT0000278,218
MIMAT0002809,MIMAT0000279,262
MIMAT0002809,MIMAT0004569,208
MIMAT0002809,MIMAT0004501,303
MIMAT0002809,MIMAT0015378,168
MIMAT0002809,MIMAT0000753,105
MIMAT0002809,MIMAT0000255,290
MIMAT0002809,MIMAT0000710,73
MIMAT0002809,MIMAT0000728,98
MIMAT0002809,MIMAT0001631,34
MIMAT0002809,MIMAT0002177,218
MIMAT0002809,MIMAT0002874,240
MIMAT0002809,MIMAT0003322,208
MIMAT0002809,MIMAT0004926,183
MIMAT0002809,MIMAT0000441,120
MIMAT0000451,MIMAT0004518,136
MIMAT0000451,MIMAT0004558,255
MIMAT0000451,MIMAT0000256,171
MIMAT0000451,MIMAT0000257,365
MIMAT0000451,MIMAT0000072,464
MIMAT0000451,MIMAT0002819,521
MIMAT0000451,MIMAT0000461,270
MIMAT0000451,MIMAT0000232,320
MIMAT0000451,MIMAT0004563,320
MIMAT0000451,MIMAT0000265,708
MIMAT0000451,MIMAT0000076,106
MIMAT0000451,MIMAT0000278,439
MIMAT0000451,MIMAT0000279,533
MIMAT0000451,MIMAT0004569,449
MIMAT0000451,MIMAT0004501,658
MIMAT0000451,MIMAT0015378,374
MIMAT0000451,MIMAT0000753,217
MIMAT0000451,MIMAT0000255,577
MIMAT0000451,MIMAT0000710,178
MIMAT0000451,MIMAT0000728,203
MIMAT0000451,MIMAT0001631,97
MIMAT0000451,MIMAT0002177,562
MIMAT0000451,MIMAT0002874,496
MIMAT0000451,MIMAT0003322,430
MIMAT0000451,MIMAT0004926,347
MIMAT0000451,MIMAT0000441,231
MIMAT0004518,MIMAT0004558,70
MIMAT0004518,MIMAT0000256,31
MIMAT0004518,MIMAT0000257,95
MIMAT0004518,MIMAT0000072,145
MIMAT0004518,MIMAT0002819,118
MIMAT0004518,MIMAT0000461,70
MIMAT0004518,MIMAT0000232,77
MIMAT0004518,MIMAT0004563,77
MIMAT0004518,MIMAT0000265,153
MIMAT0004518,MIMAT0000076,40
MIMAT0004518,MIMAT0000278,118
MIMAT0004518,MIMAT0000279,144
MIMAT0004518,MIMAT0004569,106
MIMAT0004518,MIMAT0004501,167
MIMAT0004518,MIMAT0015378,109
MIMAT0004518,MIMAT0000753,66
MIMAT0004518,MIMAT0000255,148
MIMAT0004518,MIMAT0000710,49
MIMAT0004518,MIMAT0000728,55
MIMAT0004518,MIMAT0001631,25
MIMAT0004518,MIMAT0002177,145
MIMAT0004518,MIMAT0002874,133
MIMAT0004518,MIMAT0003322,130
MIMAT0004518,MIMAT0004926,101
MIMAT0004518,MIMAT0000441,52
MIMAT0004558,MIMAT0000256,86
MIMAT0004558,MIMAT0000257,184
MIMAT0004558,MIMAT0000072,204
MIMAT0004558,MIMAT0002819,232
MIMAT0004558,MIMAT0000461,122
MIMAT0004558,MIMAT0000232,141
MIMAT0004558,MIMAT0004563,141
MIMAT0004558,MIMAT0000265,292
MIMAT0004558,MIMAT0000076,53
MIMAT0004558,MIMAT0000278,226
MIMAT0004558,MIMAT0000279,264
MIMAT0004558,MIMAT0004569,198
MIMAT0004558,MIMAT0004501,336
MIMAT0004558,MIMAT0015378,199
MIMAT0004558,MIMAT0000753,114
MIMAT0004558,MIMAT0000255,274
MIMAT0004558,MIMAT0000710,75
MIMAT0004558,MIMAT0000728,103
MIMAT0004558,MIMAT0001631,51
MIMAT0004558,MIMAT0002177,255
MIMAT0004558,MIMAT0002874,236
MIMAT0004558,MIMAT0003322,219
MIMAT0004558,MIMAT0004926,190
MIMAT0004558,MIMAT0000441,104
MIMAT0000256,MIMAT0000257,205
MIMAT0000256,MIMAT0000072,155
MIMAT0000256,MIMAT0002819,148
MIMAT0000256,MIMAT0000461,104
MIMAT0000256,MIMAT0000232,112
MIMAT0000256,MIMAT0004563,112
MIMAT0000256,MIMAT0000265,187
MIMAT0000256,MIMAT0000076,38
MIMAT0000256,MIMAT0000278,160
MIMAT0000256,MIMAT0000279,206
MIMAT0000256,MIMAT0004569,150
MIMAT0000256,MIMAT0004501,235
MIMAT0000256,MIMAT0015378,156
MIMAT0000256,MIMAT0000753,69
MIMAT0000256,MIMAT0000255,215
MIMAT0000256,MIMAT0000710,74
MIMAT0000256,MIMAT0000728,77
MIMAT0000256,MIMAT0001631,24
MIMAT0000256,MIMAT0002177,192
MIMAT0000256,MIMAT0002874,174
MIMAT0000256,MIMAT0003322,167
MIMAT0000256,MIMAT0004926,150
MIMAT0000256,MIMAT0000441,73
MIMAT0000257,MIMAT0000072,308
MIMAT0000257,MIMAT0002819,301
MIMAT0000257,MIMAT0000461,187
MIMAT0000257,MIMAT0000232,227
MIMAT0000257,MIMAT0004563,227
MIMAT0000257,MIMAT0000265,415
MIMAT0000257,MIMAT0000076,88
MIMAT0000257,MIMAT0000278,331
MIMAT0000257,MIMAT0000279,403
MIMAT0000257,MIMAT0004569,315
MIMAT0000257,MIMAT0004501,486
MIMAT0000257,MIMAT0015378,270
MIMAT0000257,MIMAT0000753,169
MIMAT0000257,MIMAT0000255,418
MIMAT0000257,MIMAT0000710,104
MIMAT0000257,MIMAT0000728,158
MIMAT0000257,MIMAT0001631,59
MIMAT0000257,MIMAT0002177,369
MIMAT0000257,MIMAT0002874,374
MIMAT0000257,MIMAT0003322,343
MIMAT0000257,MIMAT0004926,267
MIMAT0000257,MIMAT0000441,173
MIMAT0000072,MIMAT0002819,407
MIMAT0000072,MIMAT0000461,264
MIMAT0000072,MIMAT0000232,279
MIMAT0000072,MIMAT0004563,279
MIMAT0000072,MIMAT0000265,555
MIMAT0000072,MIMAT0000076,103
MIMAT0000072,MIMAT0000278,443
MIMAT0000072,MIMAT0000279,524
MIMAT0000072,MIMAT0004569,402
MIMAT0000072,MIMAT0004501,654
MIMAT0000072,MIMAT0015378,348
MIMAT0000072,MIMAT0000753,188
MIMAT0000072,MIMAT0000255,536
MIMAT0000072,MIMAT0000710,135
MIMAT0000072,MIMAT0000728,175
MIMAT0000072,MIMAT0001631,88
MIMAT0000072,MIMAT0002177,481
MIMAT0000072,MIMAT0002874,467
MIMAT0000072,MIMAT0003322,410
MIMAT0000072,MIMAT0004926,345
MIMAT0000072,MIMAT0000441,219
MIMAT0002819,MIMAT0000461,238
MIMAT0002819,MIMAT0000232,245
MIMAT0002819,MIMAT0004563,245
MIMAT0002819,MIMAT0000265,624
MIMAT0002819,MIMAT0000076,96
MIMAT0002819,MIMAT0000278,438
MIMAT0002819,MIMAT0000279,519
MIMAT0002819,MIMAT0004569,395
MIMAT0002819,MIMAT0004501,676
MIMAT0002819,MIMAT0015378,324
MIMAT0002819,MIMAT0000753,192
MIMAT0002819,MIMAT0000255,532
MIMAT0002819,MIMAT0000710,184
MIMAT0002819,MIMAT0000728,204
MIMAT0002819,MIMAT0001631,83
MIMAT0002819,MIMAT0002177,541
MIMAT0002819,MIMAT0002874,434
MIMAT0002819,MIMAT0003322,436
MIMAT0002819,MIMAT0004926,315
MIMAT0002819,MIMAT0000441,213
MIMAT0000461,MIMAT0000232,186
MIMAT0000461,MIMAT0004563,186
MIMAT0000461,MIMAT0000265,327
MIMAT0000461,MIMAT0000076,74
MIMAT0000461,MIMAT0000278,254
MIMAT0000461,MIMAT0000279,296
MIMAT0000461,MIMAT0004569,255
MIMAT0000461,MIMAT0004501,377
MIMAT0000461,MIMAT0015378,227
MIMAT0000461,MIMAT0000753,108
MIMAT0000461,MIMAT0000255,330
MIMAT0000461,MIMAT0000710,98
MIMAT0000461,MIMAT0000728,107
MIMAT0000461,MIMAT0001631,43
MIMAT0000461,MIMAT0002177,269
MIMAT0000461,MIMAT0002874,300
MIMAT0000461,MIMAT0003322,239
MIMAT0000461,MIMAT0004926,216
MIMAT0000461,MIMAT0000441,135
MIMAT0000232,MIMAT0004563,1173
MIMAT0000232,MIMAT0000265,340
MIMAT0000232,MIMAT0000076,80
MIMAT0000232,MIMAT0000278,282
MIMAT0000232,MIMAT0000279,352
MIMAT0000232,MIMAT0004569,296
MIMAT0000232,MIMAT0004501,387
MIMAT0000232,MIMAT0015378,254
MIMAT0000232,MIMAT0000753,148
MIMAT0000232,MIMAT0000255,371
MIMAT0000232,MIMAT0000710,84
MIMAT0000232,MIMAT0000728,128
MIMAT0000232,MIMAT0001631,44
MIMAT0000232,MIMAT0002177,311
MIMAT0000232,MIMAT0002874,309
MIMAT0000232,MIMAT0003322,266
MIMAT0000232,MIMAT0004926,230
MIMAT0000232,MIMAT0000441,142
MIMAT0004563,MIMAT0000265,340
MIMAT0004563,MIMAT0000076,80
MIMAT0004563,MIMAT0000278,282
MIMAT0004563,MIMAT0000279,352
MIMAT0004563,MIMAT0004569,296
MIMAT0004563,MIMAT0004501,387
MIMAT0004563,MIMAT0015378,254
MIMAT0004563,MIMAT0000753,148
MIMAT0004563,MIMAT0000255,371
MIMAT0004563,MIMAT0000710,84
MIMAT0004563,MIMAT0000728,128
MIMAT0004563,MIMAT0001631,44
MIMAT0004563,MIMAT0002177,311
MIMAT0004563,MIMAT0002874,309
MIMAT0004563,MIMAT0003322,266
MIMAT0004563,MIMAT0004926,230
MIMAT0004563,MIMAT0000441,142
MIMAT0000265,MIMAT0000076,133
MIMAT0000265,MIMAT0000278,550
MIMAT0000265,MIMAT0000279,664
MIMAT0000265,MIMAT0004569,504
MIMAT0000265,MIMAT0004501,808
MIMAT0000265,MIMAT0015378,416
MIMAT0000265,MIMAT0000753,247
MIMAT0000265,MIMAT0000255,709
MIMAT0000265,MIMAT0000710,194
MIMAT0000265,MIMAT0000728,239
MIMAT0000265,MIMAT0001631,105
MIMAT0000265,MIMAT0002177,675
MIMAT0000265,MIMAT0002874,559
MIMAT0000265,MIMAT0003322,513
MIMAT0000265,MIMAT0004926,422
MIMAT0000265,MIMAT0000441,257
MIMAT0000076,MIMAT0000278,104
MIMAT0000076,MIMAT0000279,136
MIMAT0000076,MIMAT0004569,89
MIMAT0000076,MIMAT0004501,151
MIMAT0000076,MIMAT0015378,97
MIMAT0000076,MIMAT0000753,52
MIMAT0000076,MIMAT0000255,124
MIMAT0000076,MIMAT0000710,41
MIMAT0000076,MIMAT0000728,44
MIMAT0000076,MIMAT0001631,21
MIMAT0000076,MIMAT0002177,101
MIMAT0000076,MIMAT0002874,111
MIMAT0000076,MIMAT0003322,102
MIMAT0000076,MIMAT0004926,91
MIMAT0000076,MIMAT0000441,46
MIMAT0000278,MIMAT0000279,597
MIMAT0000278,MIMAT0004569,432
MIMAT0000278,MIMAT0004501,710
MIMAT0000278,MIMAT0015378,372
MIMAT0000278,MIMAT0000753,172
MIMAT0000278,MIMAT0000255,572
MIMAT0000278,MIMAT0000710,147
MIMAT0000278,MIMAT0000728,210
MIMAT0000278,MIMAT0001631,97
MIMAT0000278,MIMAT0002177,508
MIMAT0000278,MIMAT0002874,504
MIMAT0000278,MIMAT0003322,421
MIMAT0000278,MIMAT0004926,382
MIMAT0000278,MIMAT0000441,228
MIMAT0000279,MIMAT0004569,483
MIMAT0000279,MIMAT0004501,819
MIMAT0000279,MIMAT0015378,415
MIMAT0000279,MIMAT0000753,235
MIMAT0000279,MIMAT0000255,699
MIMAT0000279,MIMAT0000710,185
MIMAT0000279,MIMAT0000728,244
MIMAT0000279,MIMAT0001631,123
MIMAT0000279,MIMAT0002177,638
MIMAT0000279,MIMAT0002874,568
MIMAT0000279,MIMAT0003322,551
MIMAT0000279,MIMAT0004926,427
MIMAT0000279,MIMAT0000441,246
MIMAT0004569,MIMAT0004501,642
MIMAT0004569,MIMAT0015378,339
MIMAT0004569,MIMAT0000753,199
MIMAT0004569,MIMAT0000255,543
MIMAT0004569,MIMAT0000710,127
MIMAT0004569,MIMAT0000728,195
MIMAT0004569,MIMAT0001631,86
MIMAT0004569,MIMAT0002177,453
MIMAT0004569,MIMAT0002874,462
MIMAT0004569,MIMAT0003322,385
MIMAT0004569,MIMAT0004926,326
MIMAT0004569,MIMAT0000441,202
MIMAT0004501,MIMAT0015378,517
MIMAT0004501,MIMAT0000753,293
MIMAT0004501,MIMAT0000255,873
MIMAT0004501,MIMAT0000710,219
MIMAT0004501,MIMAT0000728,315
MIMAT0004501,MIMAT0001631,145
MIMAT0004501,MIMAT0002177,764
MIMAT0004501,MIMAT0002874,749
MIMAT0004501,MIMAT0003322,654
MIMAT0004501,MIMAT0004926,544
MIMAT0004501,MIMAT0000441,320
MIMAT0015378,MIMAT0000753,154
MIMAT0015378,MIMAT0000255,447
MIMAT0015378,MIMAT0000710,112
MIMAT0015378,MIMAT0000728,163
MIMAT0015378,MIMAT0001631,78
MIMAT0015378,MIMAT0002177,349
MIMAT0015378,MIMAT0002874,359
MIMAT0015378,MIMAT0003322,366
MIMAT0015378,MIMAT0004926,291
MIMAT0015378,MIMAT0000441,170
MIMAT0000753,MIMAT0000255,233
MIMAT0000753,MIMAT0000710,60
MIMAT0000753,MIMAT0000728,94
MIMAT0000753,MIMAT0001631,41
MIMAT0000753,MIMAT0002177,201
MIMAT0000753,MIMAT0002874,213
MIMAT0000753,MIMAT0003322,197
MIMAT0000753,MIMAT0004926,150
MIMAT0000753,MIMAT0000441,96
MIMAT0000255,MIMAT0000710,163
MIMAT0000255,MIMAT0000728,245
MIMAT0000255,MIMAT0001631,117
MIMAT0000255,MIMAT0002177,633
MIMAT0000255,MIMAT0002874,629
MIMAT0000255,MIMAT0003322,554
MIMAT0000255,MIMAT0004926,461
MIMAT0000255,MIMAT0000441,285
MIMAT0000710,MIMAT0000728,69
MIMAT0000710,MIMAT0001631,29
MIMAT0000710,MIMAT0002177,166
MIMAT0000710,MIMAT0002874,129
MIMAT0000710,MIMAT0003322,154
MIMAT0000710,MIMAT0004926,98
MIMAT0000710,MIMAT0000441,74
MIMAT0000728,MIMAT0001631,45
MIMAT0000728,MIMAT0002177,242
MIMAT0000728,MIMAT0002874,230
MIMAT0000728,MIMAT0003322,206
MIMAT0000728,MIMAT0004926,148
MIMAT0000728,MIMAT0000441,92
MIMAT0001631,MIMAT0002177,111
MIMAT0001631,MIMAT0002874,85
MIMAT0001631,MIMAT0003322,82
MIMAT0001631,MIMAT0004926,60
MIMAT0001631,MIMAT0000441,36
MIMAT0002177,MIMAT0002874,544
MIMAT0002177,MIMAT0003322,464
MIMAT0002177,MIMAT0004926,396
MIMAT0002177,MIMAT0000441,235
MIMAT0002874,MIMAT0003322,466
MIMAT0002874,MIMAT0004926,383
MIMAT0002874,MIMAT0000441,221
MIMAT0003322,MIMAT0004926,354
MIMAT0003322,MIMAT0000441,210
MIMAT0004926,MIMAT0000441,183
