#node1	node2	node1_string_id	node2_string_id	neighborhood_on_chromosome	gene_fusion	phylogenetic_cooccurrence	homology	coexpression	experimentally_determined_interaction	database_annotated	automated_textmining	combined_score
AADACL2	NDUFS1	9606.ENSP00000348911	9606.ENSP00000392709	0	0	0	0	0.053	0.503	0	0.164	0.572
ACACB	CAD	9606.ENSP00000341044	9606.ENSP00000264705	0.095	0	0	0.546	0.081	0.071	0.332	0.141	0.476
ACACB	PKM	9606.ENSP00000341044	9606.ENSP00000320171	0.042	0	0	0	0.103	0	0	0.366	0.407
ACACB	ALDH1A3	9606.ENSP00000341044	9606.ENSP00000332256	0	0	0	0	0	0.063	0	0.418	0.431
ACACB	CD36	9606.ENSP00000341044	9606.ENSP00000415743	0	0	0	0	0.109	0	0	0.506	0.541
ACBD5	USP30	9606.ENSP00000365049	9606.ENSP00000257548	0	0	0	0	0.149	0.125	0	0.268	0.407
ACBD5	IQGAP1	9606.ENSP00000365049	9606.ENSP00000268182	0	0	0	0	0.049	0	0.400	0.054	0.413
ACBD5	RHOT1	9606.ENSP00000365049	9606.ENSP00000351132	0	0	0	0	0.155	0.060	0	0.411	0.491
ACO2	ACTB	9606.ENSP00000216254	9606.ENSP00000494750	0	0	0	0	0.090	0.056	0	0.373	0.414
ACO2	FTL	9606.ENSP00000216254	9606.ENSP00000366525	0.041	0	0	0	0.049	0	0	0.411	0.416
ACO2	OAT	9606.ENSP00000216254	9606.ENSP00000357838	0.052	0	0	0	0.113	0.139	0	0.371	0.484
ACO2	TICAM1	9606.ENSP00000216254	9606.ENSP00000248244	0	0	0	0	0.073	0.482	0	0.055	0.506
ACO2	COA4	9606.ENSP00000216254	9606.ENSP00000443795	0	0	0	0	0.047	0	0.500	0.054	0.509
ACO2	PAM16	9606.ENSP00000216254	9606.ENSP00000315693	0	0	0	0	0	0	0.500	0.091	0.526
ACO2	GLRX	9606.ENSP00000216254	9606.ENSP00000369314	0.102	0	0	0	0.068	0	0	0.517	0.560
ACO2	CHCHD2	9606.ENSP00000216254	9606.ENSP00000378812	0	0	0	0	0.132	0	0.500	0.081	0.566
ACO2	PKM	9606.ENSP00000216254	9606.ENSP00000320171	0.054	0	0	0	0.144	0.091	0	0.569	0.641
ACO2	PEBP1	9606.ENSP00000216254	9606.ENSP00000261313	0	0	0	0	0.122	0.592	0	0.288	0.722
ACO2	ENO1	9606.ENSP00000216254	9606.ENSP00000495530	0	0	0	0	0.135	0.192	0	0.636	0.723
ACO2	NDUFS1	9606.ENSP00000216254	9606.ENSP00000392709	0.060	0	0	0	0.702	0.096	0	0.532	0.865
ACP1	ACTB	9606.ENSP00000272067	9606.ENSP00000494750	0	0	0	0	0.072	0.329	0	0.144	0.421
ACP1	GLRX	9606.ENSP00000272067	9606.ENSP00000369314	0	0	0	0	0.117	0	0.665	0.539	0.851
ACTB	BAIAP2L1	9606.ENSP00000494750	9606.ENSP00000005260	0	0	0	0	0	0.231	0.400	0.108	0.552
ACTB	MAPK1	9606.ENSP00000494750	9606.ENSP00000215832	0	0.002	0	0	0.097	0.087	0	0.740	0.767
ACTB	SERPINE1	9606.ENSP00000494750	9606.ENSP00000223095	0	0	0	0	0.052	0	0	0.543	0.548
ACTB	TMSB10	9606.ENSP00000494750	9606.ENSP00000233143	0	0	0	0	0.373	0.232	0	0.199	0.581
ACTB	ACVR2A	9606.ENSP00000494750	9606.ENSP00000241416	0	0	0	0	0.073	0.070	0	0.478	0.511
ACTB	KRT9	9606.ENSP00000494750	9606.ENSP00000246662	0	0	0	0	0	0.071	0	0.471	0.487
ACTB	YWHAH	9606.ENSP00000494750	9606.ENSP00000248975	0	0	0.324	0	0.208	0.068	0	0.275	0.590
ACTB	FUS	9606.ENSP00000494750	9606.ENSP00000254108	0	0	0	0	0.119	0.134	0	0.370	0.477
ACTB	DDX56	9606.ENSP00000494750	9606.ENSP00000258772	0	0	0	0	0.050	0.082	0	0.509	0.535
ACTB	SRCAP	9606.ENSP00000494750	9606.ENSP00000262518	0	0	0	0	0.042	0.411	0	0.154	0.481
ACTB	ARPC1A	9606.ENSP00000494750	9606.ENSP00000262942	0	0	0	0	0.121	0.362	0.900	0.174	0.947
ACTB	TCF3	9606.ENSP00000494750	9606.ENSP00000262965	0	0	0	0	0.060	0.069	0	0.379	0.409
ACTB	IL7	9606.ENSP00000494750	9606.ENSP00000263851	0	0	0	0	0	0	0	0.419	0.418
ACTB	IQGAP1	9606.ENSP00000494750	9606.ENSP00000268182	0	0	0	0	0.101	0.661	0.900	0.587	0.985
ACTB	EGFR	9606.ENSP00000494750	9606.ENSP00000275493	0	0	0	0	0.042	0.402	0	0.741	0.839
ACTB	CCT5	9606.ENSP00000494750	9606.ENSP00000280326	0	0	0	0	0.099	0.638	0.500	0.271	0.865
ACTB	DENR	9606.ENSP00000494750	9606.ENSP00000280557	0	0	0	0	0.112	0	0	0.387	0.432
ACTB	ITGA5	9606.ENSP00000494750	9606.ENSP00000293379	0	0	0	0	0.060	0	0.650	0.443	0.801
ACTB	RUVBL1	9606.ENSP00000494750	9606.ENSP00000318297	0	0	0	0	0.057	0.800	0.900	0.714	0.993
ACTB	TUBB6	9606.ENSP00000494750	9606.ENSP00000318697	0	0	0	0	0.085	0.129	0.400	0.556	0.759
ACTB	PKM	9606.ENSP00000494750	9606.ENSP00000320171	0	0	0	0	0.188	0.053	0	0.605	0.670
ACTB	MMP1	9606.ENSP00000494750	9606.ENSP00000322788	0	0	0	0	0	0	0	0.507	0.507
ACTB	SMARCE1	9606.ENSP00000494750	9606.ENSP00000323967	0	0	0	0	0.059	0.925	0.800	0.767	0.996
ACTB	HNRNPM	9606.ENSP00000494750	9606.ENSP00000325376	0	0	0	0	0.083	0.059	0	0.499	0.530
ACTB	LMNB2	9606.ENSP00000494750	9606.ENSP00000327054	0	0	0	0	0.076	0.069	0	0.741	0.758
ACTB	H2AC14	9606.ENSP00000494750	9606.ENSP00000328484	0	0	0	0	0	0.258	0.400	0.056	0.543
ACTB	MORF4L1	9606.ENSP00000494750	9606.ENSP00000331310	0	0	0	0	0.119	0.348	0.900	0.119	0.942
ACTB	TUBA1B	9606.ENSP00000494750	9606.ENSP00000336799	0	0	0.201	0	0.270	0.136	0	0.618	0.782
ACTB	TUBB	9606.ENSP00000494750	9606.ENSP00000339001	0	0	0	0	0.302	0.297	0	0.709	0.844
ACTB	EIF4EBP1	9606.ENSP00000494750	9606.ENSP00000340691	0	0	0	0	0.072	0	0	0.620	0.632
ACTB	SMARCB1	9606.ENSP00000494750	9606.ENSP00000340883	0	0	0	0	0.080	0.873	0.540	0.628	0.977
ACTB	SMARCA4	9606.ENSP00000494750	9606.ENSP00000343896	0	0	0	0	0.062	0.982	0.650	0.876	0.999
ACTB	CTSB	9606.ENSP00000494750	9606.ENSP00000345672	0	0	0	0	0.078	0	0	0.528	0.547
ACTB	ATP7A	9606.ENSP00000494750	9606.ENSP00000345728	0	0	0	0	0	0	0	0.426	0.426
ACTB	ANXA2	9606.ENSP00000494750	9606.ENSP00000346032	0	0	0	0	0.137	0.234	0	0.676	0.767
ACTB	VPS72	9606.ENSP00000494750	9606.ENSP00000346464	0	0	0	0	0.042	0.374	0.800	0.274	0.901
ACTB	RSPO1	9606.ENSP00000494750	9606.ENSP00000348944	0	0	0	0	0.056	0.093	0	0.375	0.418
ACTB	DYNC1H1	9606.ENSP00000494750	9606.ENSP00000348965	0	0	0	0	0.065	0.920	0	0.240	0.938
ACTB	PTBP1	9606.ENSP00000494750	9606.ENSP00000349428	0	0	0	0	0.080	0	0	0.506	0.526
ACTB	TES	9606.ENSP00000494750	9606.ENSP00000350937	0	0	0	0	0.063	0.296	0	0.239	0.455
ACTB	H3C12	9606.ENSP00000494750	9606.ENSP00000352252	0	0.001	0	0	0.079	0.819	0	0.783	0.960
ACTB	XRCC6	9606.ENSP00000494750	9606.ENSP00000352257	0	0	0	0	0.243	0	0	0.491	0.598
ACTB	XPR1	9606.ENSP00000494750	9606.ENSP00000356562	0	0	0	0	0	0.053	0	0.394	0.401
ACTB	PFDN2	9606.ENSP00000494750	9606.ENSP00000356989	0	0	0	0	0.047	0.110	0.500	0.469	0.744
ACTB	COPA	9606.ENSP00000494750	9606.ENSP00000357048	0	0	0	0	0.049	0.070	0	0.433	0.454
ACTB	TAGLN2	9606.ENSP00000494750	9606.ENSP00000357076	0	0	0	0	0.295	0.479	0	0.375	0.751
ACTB	MCL1	9606.ENSP00000494750	9606.ENSP00000358022	0	0	0	0	0.099	0.292	0	0.666	0.768
ACTB	FLNA	9606.ENSP00000494750	9606.ENSP00000358866	0	0	0	0	0.144	0.205	0	0.661	0.750
ACTB	JUN	9606.ENSP00000494750	9606.ENSP00000360266	0	0	0	0	0.048	0.150	0	0.779	0.806
ACTB	CAP1	9606.ENSP00000494750	9606.ENSP00000361883	0	0	0	0	0.306	0.763	0	0.215	0.860
ACTB	EIF3I	9606.ENSP00000494750	9606.ENSP00000362688	0	0	0	0	0.084	0.227	0	0.225	0.403
ACTB	AR	9606.ENSP00000494750	9606.ENSP00000363822	0	0	0	0	0	0.234	0	0.609	0.688
ACTB	FTL	9606.ENSP00000494750	9606.ENSP00000366525	0	0	0	0	0.315	0.091	0	0.365	0.570
ACTB	ACTN1	9606.ENSP00000494750	9606.ENSP00000377941	0	0	0	0	0.134	0.402	0.900	0.760	0.985
ACTB	CXCL1	9606.ENSP00000494750	9606.ENSP00000379110	0	0	0	0	0	0	0	0.571	0.571
ACTB	POLR2F	9606.ENSP00000494750	9606.ENSP00000385725	0	0	0	0	0	0	0.500	0.221	0.594
ACTB	CAPZB	9606.ENSP00000494750	9606.ENSP00000401010	0	0	0	0	0.212	0.935	0.400	0.323	0.976
ACTB	SHC1	9606.ENSP00000494750	9606.ENSP00000401303	0	0	0	0	0.095	0.174	0	0.428	0.535
ACTB	TGFA	9606.ENSP00000494750	9606.ENSP00000404131	0	0	0	0	0	0	0	0.432	0.432
ACTB	CD36	9606.ENSP00000494750	9606.ENSP00000415743	0	0	0	0	0.056	0.045	0	0.604	0.612
ACTB	VAMP2	9606.ENSP00000494750	9606.ENSP00000418572	0	0	0	0	0.078	0.056	0	0.383	0.417
ACTB	BRD9	9606.ENSP00000494750	9606.ENSP00000419765	0	0	0	0	0.044	0.111	0.540	0.491	0.774
ACTB	FLNB	9606.ENSP00000494750	9606.ENSP00000420213	0	0	0	0	0.055	0.058	0	0.583	0.597
ACTB	TUBA1C	9606.ENSP00000494750	9606.ENSP00000443475	0	0	0.201	0	0.402	0.136	0.400	0.403	0.825
ACTB	MBTD1	9606.ENSP00000494750	9606.ENSP00000468304	0	0	0	0	0	0.292	0.900	0	0.926
ACTB	OAZ1	9606.ENSP00000494750	9606.ENSP00000473381	0	0	0	0	0.285	0	0	0.375	0.534
ACTB	HNRNPU	9606.ENSP00000494750	9606.ENSP00000491215	0	0	0	0	0.095	0.510	0	0.300	0.662
ACTB	TPM4	9606.ENSP00000494750	9606.ENSP00000494125	0	0	0	0	0.169	0.192	0	0.310	0.496
ACTB	UBE3A	9606.ENSP00000494750	9606.ENSP00000497594	0	0	0	0	0.042	0.292	0	0.314	0.494
ACTB	TPM3	9606.ENSP00000494750	9606.ENSP00000498577	0	0	0	0	0.300	0.192	0	0.358	0.606
ACTB	MRTFA	9606.ENSP00000494750	9606.ENSP00000498671	0	0	0	0	0.055	0.481	0.500	0.497	0.860
ACTB	ENO1	9606.ENSP00000494750	9606.ENSP00000495530	0	0	0	0	0.364	0.250	0	0.749	0.869
ACTN1	BAIAP2L1	9606.ENSP00000377941	9606.ENSP00000005260	0	0	0	0	0	0	0.400	0.070	0.418
ACTN1	SERPINE1	9606.ENSP00000377941	9606.ENSP00000223095	0	0	0	0	0.108	0	0	0.494	0.529
ACTN1	PIKFYVE	9606.ENSP00000377941	9606.ENSP00000264380	0	0	0	0	0.042	0	0.900	0.044	0.900
ACTN1	IQGAP1	9606.ENSP00000377941	9606.ENSP00000268182	0	0	0	0	0.068	0.211	0	0.591	0.673
ACTN1	ITGA5	9606.ENSP00000377941	9606.ENSP00000293379	0	0	0	0	0.266	0	0.900	0.565	0.965
ACTN1	SYNPO2	9606.ENSP00000377941	9606.ENSP00000306015	0	0	0	0	0.106	0.127	0	0.491	0.568
ACTN1	PLEC	9606.ENSP00000377941	9606.ENSP00000323856	0	0	0	0.643	0.086	0.068	0	0.540	0.574
ACTN1	TUBB	9606.ENSP00000377941	9606.ENSP00000339001	0	0	0	0	0.105	0.069	0	0.397	0.453
ACTN1	ATP7A	9606.ENSP00000377941	9606.ENSP00000345728	0	0	0	0	0	0	0	0.414	0.414
ACTN1	ANXA2	9606.ENSP00000377941	9606.ENSP00000346032	0	0	0	0	0.086	0.065	0	0.529	0.562
ACTN1	TAGLN2	9606.ENSP00000377941	9606.ENSP00000357076	0	0	0	0	0.138	0	0	0.345	0.412
ACTN1	FLNA	9606.ENSP00000377941	9606.ENSP00000358866	0	0	0	0.583	0.314	0.069	0	0.591	0.716
ACTN1	SDC4	9606.ENSP00000377941	9606.ENSP00000361818	0	0	0	0	0.068	0	0.700	0.107	0.728
ACTN1	ENO1	9606.ENSP00000377941	9606.ENSP00000495530	0	0	0	0	0.186	0	0	0.550	0.618
ACTN1	TPM4	9606.ENSP00000377941	9606.ENSP00000494125	0	0	0	0	0.240	0.261	0	0.471	0.677
ACTN1	TPM3	9606.ENSP00000377941	9606.ENSP00000498577	0	0	0	0	0.208	0.461	0	0.385	0.715
ACTN1	CAPZB	9606.ENSP00000377941	9606.ENSP00000401010	0	0	0	0	0.097	0.110	0.400	0.543	0.750
ACVR2A	TGFBR3	9606.ENSP00000241416	9606.ENSP00000212355	0	0	0	0	0.056	0.098	0.720	0.843	0.957
ACVR2A	BTBD7	9606.ENSP00000241416	9606.ENSP00000335615	0	0	0	0	0.074	0	0	0.407	0.427
ACVR2A	BMPR1A	9606.ENSP00000241416	9606.ENSP00000361107	0	0	0.077	0.789	0.150	0.869	0.900	0.872	0.998
ACVR2A	INHBA	9606.ENSP00000241416	9606.ENSP00000242208	0	0	0	0	0.048	0.982	0.900	0.979	0.999
ADCY2	MAPK1	9606.ENSP00000342952	9606.ENSP00000215832	0	0	0	0	0.054	0.094	0	0.429	0.468
ADCY2	PKM	9606.ENSP00000342952	9606.ENSP00000320171	0	0	0	0	0	0	0.650	0.073	0.661
ADCY2	GNG5	9606.ENSP00000342952	9606.ENSP00000359675	0	0	0	0	0	0	0.650	0.094	0.669
ADCY2	ITPA	9606.ENSP00000342952	9606.ENSP00000369456	0	0	0	0	0	0	0.900	0.052	0.901
AGA	NDUFB2	9606.ENSP00000264595	9606.ENSP00000419087	0	0	0	0	0.049	0	0	0.476	0.480
ALDH1A3	EGFR	9606.ENSP00000332256	9606.ENSP00000275493	0	0	0	0	0.328	0	0	0.298	0.508
ALDH1A3	MRTFA	9606.ENSP00000332256	9606.ENSP00000498671	0.058	0	0	0	0.111	0	0.287	0.166	0.435
ALDH1A3	OAT	9606.ENSP00000332256	9606.ENSP00000357838	0.061	0.005	0	0	0.135	0	0.287	0.191	0.468
ALYREF	TRMT6	9606.ENSP00000421592	9606.ENSP00000203001	0	0	0	0	0.095	0	0	0.411	0.444
ALYREF	DDX39A	9606.ENSP00000421592	9606.ENSP00000242776	0	0	0	0	0.300	0.917	0.500	0.832	0.994
ALYREF	FUS	9606.ENSP00000421592	9606.ENSP00000254108	0	0	0	0.612	0.184	0.186	0	0.243	0.453
ALYREF	NXT1	9606.ENSP00000421592	9606.ENSP00000254998	0	0	0	0	0.135	0.292	0	0.865	0.910
ALYREF	DDX56	9606.ENSP00000421592	9606.ENSP00000258772	0	0	0	0	0.156	0.242	0	0.234	0.467
ALYREF	DNAJC8	9606.ENSP00000421592	9606.ENSP00000263697	0	0	0	0	0.257	0	0.500	0	0.612
ALYREF	CCT5	9606.ENSP00000421592	9606.ENSP00000280326	0	0	0	0	0.273	0	0	0.432	0.569
ALYREF	RBM14	9606.ENSP00000421592	9606.ENSP00000311747	0	0	0	0	0.663	0	0	0.418	0.795
ALYREF	RUVBL1	9606.ENSP00000421592	9606.ENSP00000318297	0	0	0	0	0.361	0.095	0	0.164	0.475
ALYREF	HNRNPM	9606.ENSP00000421592	9606.ENSP00000325376	0	0	0	0.601	0.724	0.290	0	0.174	0.824
ALYREF	NUP50	9606.ENSP00000421592	9606.ENSP00000345895	0	0	0	0	0.160	0	0.500	0.281	0.672
ALYREF	PTBP1	9606.ENSP00000421592	9606.ENSP00000349428	0	0	0	0	0.665	0	0	0.234	0.732
ALYREF	UBL5	9606.ENSP00000421592	9606.ENSP00000351492	0	0	0	0	0.064	0	0.800	0	0.804
ALYREF	CTNNBL1	9606.ENSP00000421592	9606.ENSP00000355050	0	0	0	0	0.632	0	0	0.079	0.646
ALYREF	CHTOP	9606.ENSP00000421592	9606.ENSP00000357679	0	0	0	0	0.594	0.292	0.900	0.758	0.992
ALYREF	PRPF4	9606.ENSP00000421592	9606.ENSP00000363313	0	0	0	0	0.402	0.418	0	0.115	0.666
ALYREF	EWSR1	9606.ENSP00000421592	9606.ENSP00000400142	0	0	0	0	0.391	0.166	0	0.305	0.616
ALYREF	RANBP1	9606.ENSP00000421592	9606.ENSP00000401564	0	0	0	0	0.575	0.090	0	0.300	0.706
ALYREF	NUP37	9606.ENSP00000421592	9606.ENSP00000448054	0	0	0	0	0.172	0.102	0.500	0.104	0.622
ALYREF	C9orf72	9606.ENSP00000421592	9606.ENSP00000482753	0	0	0	0	0.042	0	0	0.679	0.680
ALYREF	HNRNPU	9606.ENSP00000421592	9606.ENSP00000491215	0	0	0	0	0.535	0.174	0	0.346	0.727
ANKLE2	NUP37	9606.ENSP00000350686	9606.ENSP00000448054	0	0	0	0	0.081	0.060	0	0.447	0.481
ANXA2	SERPINE1	9606.ENSP00000346032	9606.ENSP00000223095	0	0	0	0	0.178	0	0	0.755	0.790
ANXA2	SNX17	9606.ENSP00000346032	9606.ENSP00000233575	0	0	0	0	0.068	0.230	0	0.389	0.524
ANXA2	PEBP1	9606.ENSP00000346032	9606.ENSP00000261313	0	0	0	0	0.042	0.146	0	0.480	0.538
ANXA2	IQGAP1	9606.ENSP00000346032	9606.ENSP00000268182	0	0	0	0	0.274	0.188	0	0.501	0.680
ANXA2	S100A11	9606.ENSP00000346032	9606.ENSP00000271638	0	0	0	0	0.557	0.087	0	0.991	0.996
ANXA2	EGFR	9606.ENSP00000346032	9606.ENSP00000275493	0	0	0	0	0.083	0.544	0	0.908	0.958
ANXA2	ITGA5	9606.ENSP00000346032	9606.ENSP00000293379	0	0	0	0	0.124	0	0	0.472	0.518
ANXA2	TUBB6	9606.ENSP00000346032	9606.ENSP00000318697	0	0	0	0	0.318	0	0	0.259	0.474
ANXA2	PKM	9606.ENSP00000346032	9606.ENSP00000320171	0	0	0	0	0.122	0	0	0.620	0.652
ANXA2	MMP1	9606.ENSP00000346032	9606.ENSP00000322788	0	0	0	0	0.108	0	0	0.674	0.697
ANXA2	PLEC	9606.ENSP00000346032	9606.ENSP00000323856	0	0	0	0	0.078	0	0	0.443	0.465
ANXA2	PLAUR	9606.ENSP00000346032	9606.ENSP00000339328	0	0	0	0	0.173	0	0	0.395	0.478
ANXA2	CTSB	9606.ENSP00000346032	9606.ENSP00000345672	0	0	0	0	0.146	0.520	0	0.952	0.978
ANXA2	TUBA1C	9606.ENSP00000346032	9606.ENSP00000443475	0	0.001	0	0	0.229	0	0	0.285	0.426
ANXA2	EWSR1	9606.ENSP00000346032	9606.ENSP00000400142	0	0	0	0	0.055	0.432	0	0.048	0.444
ANXA2	MARCKS	9606.ENSP00000346032	9606.ENSP00000478061	0	0	0	0	0.062	0	0	0.467	0.479
ANXA2	VAMP2	9606.ENSP00000346032	9606.ENSP00000418572	0	0	0	0	0.060	0	0	0.515	0.524
ANXA2	TAGLN2	9606.ENSP00000346032	9606.ENSP00000357076	0	0	0	0	0.289	0	0	0.377	0.538
ANXA2	S100A13	9606.ENSP00000346032	9606.ENSP00000392767	0	0	0	0	0.137	0	0	0.506	0.555
ANXA2	CLIC1	9606.ENSP00000346032	9606.ENSP00000364935	0	0	0	0	0.365	0	0	0.567	0.713
ANXA2	FLNA	9606.ENSP00000346032	9606.ENSP00000358866	0	0	0	0	0.129	0.220	0	0.633	0.729
ANXA2	ENO1	9606.ENSP00000346032	9606.ENSP00000495530	0	0	0	0	0.138	0	0	0.739	0.765
ANXA2	S100A6	9606.ENSP00000346032	9606.ENSP00000357709	0	0	0	0	0.441	0.087	0	0.914	0.952
ANXA2	S100A10	9606.ENSP00000346032	9606.ENSP00000357801	0	0	0	0	0.826	0.987	0.900	0.999	0.999
AP2A2	MAPK1	9606.ENSP00000327694	9606.ENSP00000215832	0	0	0	0	0.049	0.071	0.500	0	0.519
AP2A2	EHD2	9606.ENSP00000327694	9606.ENSP00000263277	0	0	0	0	0.042	0.045	0.900	0.081	0.904
AP2A2	S100A11	9606.ENSP00000327694	9606.ENSP00000271638	0	0	0	0	0	0.409	0	0.047	0.412
AP2A2	EGFR	9606.ENSP00000327694	9606.ENSP00000275493	0	0	0	0	0.050	0.700	0.500	0.154	0.863
AP2A2	TGFA	9606.ENSP00000327694	9606.ENSP00000404131	0	0	0	0	0	0	0.500	0	0.499
AP2A2	VAMP2	9606.ENSP00000327694	9606.ENSP00000418572	0	0	0	0	0.074	0	0.500	0.166	0.580
AP2A2	AP3D1	9606.ENSP00000327694	9606.ENSP00000495274	0	0	0	0.577	0.123	0.046	0.540	0.244	0.670
AP2A2	SHC1	9606.ENSP00000327694	9606.ENSP00000401303	0	0	0	0	0.047	0.644	0	0.483	0.809
AP3D1	COPA	9606.ENSP00000495274	9606.ENSP00000357048	0	0	0	0	0.150	0	0	0.410	0.478
AR	MAPK1	9606.ENSP00000363822	9606.ENSP00000215832	0	0	0	0	0	0.292	0	0.360	0.527
AR	RHOQ	9606.ENSP00000363822	9606.ENSP00000238738	0	0	0	0	0	0.073	0	0.391	0.411
AR	FUS	9606.ENSP00000363822	9606.ENSP00000254108	0	0	0	0	0.055	0.292	0	0.561	0.681
AR	SRCAP	9606.ENSP00000363822	9606.ENSP00000262518	0	0	0	0	0	0.314	0	0.448	0.605
AR	EGFR	9606.ENSP00000363822	9606.ENSP00000275493	0	0	0	0	0	0.536	0	0.720	0.864
AR	SMARCE1	9606.ENSP00000363822	9606.ENSP00000323967	0	0	0	0	0	0.605	0	0.199	0.670
AR	NRIP1	9606.ENSP00000363822	9606.ENSP00000327213	0	0	0	0	0.044	0.088	0	0.540	0.563
AR	H2AC14	9606.ENSP00000363822	9606.ENSP00000328484	0	0	0	0	0.042	0	0.500	0	0.500
AR	ZMIZ1	9606.ENSP00000363822	9606.ENSP00000334474	0	0	0	0	0.055	0.297	0	0.726	0.802
AR	SMARCA4	9606.ENSP00000363822	9606.ENSP00000343896	0	0	0	0	0	0.703	0	0.593	0.874
AR	DYNC1H1	9606.ENSP00000363822	9606.ENSP00000348965	0	0	0	0	0	0	0.400	0.060	0.411
AR	H3C12	9606.ENSP00000363822	9606.ENSP00000352252	0	0	0	0	0	0.042	0.500	0.575	0.778
AR	XRCC6	9606.ENSP00000363822	9606.ENSP00000352257	0	0	0	0	0.054	0.292	0	0.325	0.508
AR	FLNA	9606.ENSP00000363822	9606.ENSP00000358866	0	0	0	0	0.043	0.474	0	0.706	0.839
AR	JUN	9606.ENSP00000363822	9606.ENSP00000360266	0	0	0	0	0.042	0.518	0	0.682	0.840
AR	CAPZB	9606.ENSP00000363822	9606.ENSP00000401010	0	0	0	0	0	0	0.400	0	0.400
AR	CDC27	9606.ENSP00000363822	9606.ENSP00000434614	0	0	0	0	0.045	0.354	0	0.120	0.410
AR	EWSR1	9606.ENSP00000363822	9606.ENSP00000400142	0	0	0	0	0.055	0	0	0.409	0.418
AR	G3BP1	9606.ENSP00000363822	9606.ENSP00000377681	0	0	0	0	0	0.052	0	0.455	0.461
AR	FLNB	9606.ENSP00000363822	9606.ENSP00000420213	0	0	0	0	0	0	0	0.779	0.779
AR	UBE3A	9606.ENSP00000363822	9606.ENSP00000497594	0	0	0	0	0	0.625	0	0.507	0.807
ARHGAP31	RASIP1	9606.ENSP00000264245	9606.ENSP00000222145	0	0	0	0	0	0	0	0.415	0.415
ARHGAP31	PAK2	9606.ENSP00000264245	9606.ENSP00000314067	0	0	0	0	0.049	0	0.400	0.062	0.418
ARHGAP31	IQGAP1	9606.ENSP00000264245	9606.ENSP00000268182	0	0	0	0	0.068	0	0.400	0.169	0.495
ARHGEF9	RHOQ	9606.ENSP00000490940	9606.ENSP00000238738	0	0	0	0	0	0.302	0.400	0.383	0.719
ARPC1A	MAPK1	9606.ENSP00000262942	9606.ENSP00000215832	0	0	0	0	0.122	0.050	0	0.546	0.589
ARPC1A	CAPZB	9606.ENSP00000262942	9606.ENSP00000401010	0	0	0	0	0.156	0.252	0	0.227	0.470
ASCC2	MED15	9606.ENSP00000380877	9606.ENSP00000263205	0	0	0	0	0.254	0	0	0.404	0.537
ASCC2	XRCC6	9606.ENSP00000380877	9606.ENSP00000352257	0	0	0	0	0.049	0	0.540	0	0.543
ATAD2B	BRD9	9606.ENSP00000238789	9606.ENSP00000419765	0	0	0	0	0.090	0	0	0.565	0.588
ATG2B	STX17	9606.ENSP00000353010	9606.ENSP00000259400	0	0	0	0	0.155	0	0	0.460	0.524
ATG2B	SECISBP2L	9606.ENSP00000353010	9606.ENSP00000453854	0	0	0.212	0	0.322	0	0	0.157	0.510
ATG2B	UBR3	9606.ENSP00000353010	9606.ENSP00000396068	0	0	0	0	0.495	0	0	0.115	0.534
ATP13A1	YKT6	9606.ENSP00000349877	9606.ENSP00000223369	0	0.461	0	0	0.084	0.051	0	0.073	0.507
ATP13A1	SEC61A1	9606.ENSP00000349877	9606.ENSP00000243253	0	0	0	0	0.222	0.077	0	0.273	0.432
ATP13A1	PGRMC2	9606.ENSP00000349877	9606.ENSP00000481886	0	0	0	0	0.055	0.471	0	0.047	0.482
ATP7A	MAPK1	9606.ENSP00000345728	9606.ENSP00000215832	0	0	0	0	0.049	0	0	0.455	0.460
ATP7A	MT2A	9606.ENSP00000345728	9606.ENSP00000245185	0	0	0	0	0	0	0	0.585	0.585
ATP7A	SLC30A1	9606.ENSP00000345728	9606.ENSP00000355968	0.069	0	0	0	0.208	0	0	0.504	0.602
ATP7A	GLRX	9606.ENSP00000345728	9606.ENSP00000369314	0.110	0	0	0	0.043	0.314	0	0.646	0.766
AZGP1	OAZ1	9606.ENSP00000292401	9606.ENSP00000473381	0	0	0	0	0.059	0	0	0.448	0.458
AZGP1	FAM13C	9606.ENSP00000292401	9606.ENSP00000481854	0	0	0	0	0.042	0	0	0.571	0.571
BAIAP2L1	PAK2	9606.ENSP00000005260	9606.ENSP00000314067	0	0	0	0	0	0	0.400	0.083	0.426
BAIAP2L1	CDC42BPB	9606.ENSP00000005260	9606.ENSP00000355237	0	0	0	0	0.060	0.091	0	0.385	0.429
BAIAP2L1	IQGAP1	9606.ENSP00000005260	9606.ENSP00000268182	0	0	0	0	0	0	0.400	0.104	0.439
BAIAP2L1	CAPZB	9606.ENSP00000005260	9606.ENSP00000401010	0	0	0	0	0	0.188	0.400	0.132	0.540
BBIP1	CCT5	9606.ENSP00000433157	9606.ENSP00000280326	0	0	0	0	0	0	0.400	0	0.400
BMPR1A	TGFBR3	9606.ENSP00000361107	9606.ENSP00000212355	0	0	0	0	0.061	0.098	0	0.560	0.594
BMPR1A	INHBA	9606.ENSP00000361107	9606.ENSP00000242208	0	0	0	0	0.074	0.126	0	0.365	0.441
BMPR1A	RSPO1	9606.ENSP00000361107	9606.ENSP00000348944	0	0	0	0	0.055	0.041	0	0.488	0.496
BRD9	SMARCE1	9606.ENSP00000419765	9606.ENSP00000323967	0	0	0	0	0.074	0.267	0.900	0.816	0.985
BRD9	SMARCB1	9606.ENSP00000419765	9606.ENSP00000340883	0	0	0	0	0.103	0.479	0.900	0.780	0.988
BRD9	SMARCA4	9606.ENSP00000419765	9606.ENSP00000343896	0	0	0	0	0.068	0.871	0.900	0.886	0.998
BRD9	H3C12	9606.ENSP00000419765	9606.ENSP00000352252	0	0	0	0	0	0.091	0	0.581	0.603
BRD9	NOLC1	9606.ENSP00000419765	9606.ENSP00000385410	0	0	0	0	0.100	0.383	0	0	0.421
C9orf72	FUS	9606.ENSP00000482753	9606.ENSP00000254108	0	0	0	0	0	0.166	0	0.919	0.929
C9orf72	TANK	9606.ENSP00000482753	9606.ENSP00000259075	0	0	0	0	0.084	0.292	0	0.503	0.649
C9orf72	G3BP1	9606.ENSP00000482753	9606.ENSP00000377681	0	0	0	0	0	0	0	0.564	0.564
C9orf72	EWSR1	9606.ENSP00000482753	9606.ENSP00000400142	0	0	0	0	0	0	0	0.539	0.539
C9orf72	HNRNPU	9606.ENSP00000482753	9606.ENSP00000491215	0	0	0	0	0	0	0	0.515	0.515
CAD	UPP1	9606.ENSP00000264705	9606.ENSP00000330032	0	0	0	0	0	0	0	0.485	0.485
CAD	SRM	9606.ENSP00000264705	9606.ENSP00000366156	0	0	0	0	0.272	0	0	0.341	0.500
CAD	RUVBL1	9606.ENSP00000264705	9606.ENSP00000318297	0	0	0	0	0.244	0.405	0	0.125	0.572
CAD	IAH1	9606.ENSP00000264705	9606.ENSP00000417580	0	0	0	0	0.042	0	0.520	0.158	0.579
CAD	DTYMK	9606.ENSP00000264705	9606.ENSP00000304802	0	0	0	0	0.131	0	0	0.558	0.599
CAD	OAT	9606.ENSP00000264705	9606.ENSP00000357838	0.111	0	0	0	0.249	0	0.281	0.396	0.671
CAP1	TPM3	9606.ENSP00000361883	9606.ENSP00000498577	0	0	0	0	0.257	0.234	0	0.151	0.474
CAP1	CAPZB	9606.ENSP00000361883	9606.ENSP00000401010	0	0	0	0	0.438	0.252	0	0.408	0.730
CAPZB	LMAN2	9606.ENSP00000401010	9606.ENSP00000303366	0	0.341	0	0	0.151	0	0	0	0.417
CAPZB	TUBB	9606.ENSP00000401010	9606.ENSP00000339001	0	0	0	0	0.109	0.225	0	0.284	0.463
CAPZB	DYNC1H1	9606.ENSP00000401010	9606.ENSP00000348965	0	0	0	0	0.062	0.915	0.500	0.212	0.964
CAPZB	FLNA	9606.ENSP00000401010	9606.ENSP00000358866	0	0	0	0	0.181	0.235	0	0.176	0.438
CAPZB	TPM4	9606.ENSP00000401010	9606.ENSP00000494125	0	0	0	0	0.100	0.190	0	0.303	0.447
CAPZB	TPM3	9606.ENSP00000401010	9606.ENSP00000498577	0	0	0	0	0.198	0.190	0	0.324	0.522
CAPZB	CNOT6L	9606.ENSP00000401010	9606.ENSP00000424896	0	0	0	0	0.044	0.575	0	0.070	0.589
CCL19	IL7	9606.ENSP00000308815	9606.ENSP00000263851	0	0	0	0	0.070	0	0	0.777	0.784
CCL19	MMP10	9606.ENSP00000308815	9606.ENSP00000279441	0	0	0	0	0.054	0	0	0.419	0.426
CCL19	CXCL1	9606.ENSP00000308815	9606.ENSP00000379110	0	0	0	0	0.097	0	0.500	0.771	0.888
CCPG1	STX17	9606.ENSP00000403400	9606.ENSP00000259400	0	0	0	0	0.081	0.054	0	0.409	0.441
CCT5	DNAJC8	9606.ENSP00000280326	9606.ENSP00000263697	0	0	0	0	0.150	0.069	0	0.326	0.421
CCT5	PTBP1	9606.ENSP00000280326	9606.ENSP00000349428	0	0	0	0	0.386	0	0	0.067	0.402
CCT5	MRTFA	9606.ENSP00000280326	9606.ENSP00000498671	0.057	0	0	0	0	0.052	0	0.455	0.470
CCT5	RANBP1	9606.ENSP00000280326	9606.ENSP00000401564	0	0	0	0	0.455	0.066	0	0.110	0.508
CCT5	GNG5	9606.ENSP00000280326	9606.ENSP00000359675	0	0	0	0	0.127	0	0.500	0.065	0.556
CCT5	TUBB6	9606.ENSP00000280326	9606.ENSP00000318697	0	0	0	0	0.123	0.098	0.500	0.194	0.638
CCT5	ENO1	9606.ENSP00000280326	9606.ENSP00000495530	0.043	0	0	0	0.232	0.065	0	0.558	0.656
CCT5	TUBA1C	9606.ENSP00000280326	9606.ENSP00000443475	0	0	0	0	0.253	0.136	0.500	0.127	0.681
CCT5	PDCD5	9606.ENSP00000280326	9606.ENSP00000466214	0	0	0	0	0.267	0.564	0	0.115	0.693
CCT5	EIF3I	9606.ENSP00000280326	9606.ENSP00000362688	0	0	0	0	0.743	0.073	0	0.166	0.784
CCT5	TUBA1B	9606.ENSP00000280326	9606.ENSP00000336799	0	0	0	0	0.199	0.403	0.500	0.262	0.800
CCT5	RUVBL1	9606.ENSP00000280326	9606.ENSP00000318297	0	0	0	0	0.597	0.095	0.540	0.287	0.864
CCT5	TUBB	9606.ENSP00000280326	9606.ENSP00000339001	0	0	0	0	0.161	0.811	0	0.220	0.866
CCT5	PFDN2	9606.ENSP00000280326	9606.ENSP00000356989	0	0	0	0	0.424	0.805	0.540	0.416	0.965
CD36	SERPINE1	9606.ENSP00000415743	9606.ENSP00000223095	0	0	0	0	0.055	0.047	0	0.424	0.436
CD36	INHBA	9606.ENSP00000415743	9606.ENSP00000242208	0	0	0	0	0	0	0	0.475	0.475
CD36	MED15	9606.ENSP00000415743	9606.ENSP00000263205	0	0	0	0	0	0	0.500	0	0.499
CD36	ITGA5	9606.ENSP00000415743	9606.ENSP00000293379	0	0	0	0	0.063	0	0	0.461	0.473
CD36	PLAUR	9606.ENSP00000415743	9606.ENSP00000339328	0	0	0	0	0.109	0	0	0.542	0.574
CD36	THRAP3	9606.ENSP00000415743	9606.ENSP00000346634	0	0	0	0	0.045	0	0.500	0.082	0.523
CD36	XPR1	9606.ENSP00000415743	9606.ENSP00000356562	0	0	0	0	0	0	0	0.581	0.581
CD36	S100A10	9606.ENSP00000415743	9606.ENSP00000357801	0	0	0	0	0.056	0.046	0	0.599	0.607
CD36	JUN	9606.ENSP00000415743	9606.ENSP00000360266	0	0	0	0	0	0	0	0.447	0.447
CD36	EDNRB	9606.ENSP00000415743	9606.ENSP00000366416	0	0	0	0	0.120	0	0	0.446	0.491
CDC27	PCGF1	9606.ENSP00000434614	9606.ENSP00000233630	0	0	0	0	0	0	0.540	0.045	0.541
CDC27	CDK16	9606.ENSP00000434614	9606.ENSP00000276052	0	0	0	0	0.057	0.417	0	0.166	0.501
CDC27	H3C12	9606.ENSP00000434614	9606.ENSP00000352252	0	0	0	0	0.066	0.167	0	0.339	0.442
CDC42BPB	RHOQ	9606.ENSP00000355237	9606.ENSP00000238738	0	0	0	0	0.081	0.201	0.500	0.136	0.641
CDC42BPB	IQGAP1	9606.ENSP00000355237	9606.ENSP00000268182	0	0	0	0	0.047	0.071	0.400	0.224	0.533
CDC42BPB	PAK2	9606.ENSP00000355237	9606.ENSP00000314067	0	0	0	0.592	0.059	0.071	0.400	0.066	0.445
CDC42BPB	TRIP10	9606.ENSP00000355237	9606.ENSP00000320117	0	0	0	0	0.083	0.057	0.400	0.123	0.484
CDC42BPB	MIPEP	9606.ENSP00000355237	9606.ENSP00000371607	0	0	0	0	0.042	0.067	0	0.384	0.402
CDCP1	EGFR	9606.ENSP00000296129	9606.ENSP00000275493	0	0	0	0	0.082	0.223	0	0.750	0.806
CDH3	ROBO2	9606.ENSP00000264012	9606.ENSP00000417335	0	0	0	0	0	0	0	0.441	0.441
CDH3	LAMC2	9606.ENSP00000264012	9606.ENSP00000264144	0	0	0	0	0.260	0	0	0.296	0.457
CDH3	EGFR	9606.ENSP00000264012	9606.ENSP00000275493	0	0	0	0	0.060	0.071	0	0.669	0.686
CDK16	YWHAH	9606.ENSP00000276052	9606.ENSP00000248975	0	0	0	0	0.116	0.462	0	0.109	0.540
CDK16	VPS37B	9606.ENSP00000276052	9606.ENSP00000267202	0	0	0	0	0.049	0	0	0.424	0.429
CHCHD2	SEC61G	9606.ENSP00000378812	9606.ENSP00000388337	0	0	0	0	0.261	0	0	0.348	0.497
CHCHD2	COA4	9606.ENSP00000378812	9606.ENSP00000443795	0	0	0	0	0.072	0	0.400	0.223	0.529
CHTOP	DDX39A	9606.ENSP00000357679	9606.ENSP00000242776	0	0	0	0	0.185	0.420	0.500	0.670	0.911
CHTOP	NXT1	9606.ENSP00000357679	9606.ENSP00000254998	0	0	0	0	0.050	0.292	0	0.670	0.758
CHTOP	RBM14	9606.ENSP00000357679	9606.ENSP00000311747	0	0	0	0	0.633	0	0	0	0.633
CHTOP	HNRNPM	9606.ENSP00000357679	9606.ENSP00000325376	0	0	0	0	0.685	0	0	0	0.685
CHTOP	NUP50	9606.ENSP00000357679	9606.ENSP00000345895	0	0	0	0	0.097	0	0.400	0.095	0.466
CHTOP	RSPO1	9606.ENSP00000357679	9606.ENSP00000348944	0	0	0	0	0	0.582	0	0	0.582
CHTOP	PTBP1	9606.ENSP00000357679	9606.ENSP00000349428	0	0	0	0	0.665	0	0	0.119	0.692
CHTOP	CTNNBL1	9606.ENSP00000357679	9606.ENSP00000355050	0	0	0	0	0.434	0	0	0.108	0.473
CHTOP	HNRNPU	9606.ENSP00000357679	9606.ENSP00000491215	0	0	0	0	0.393	0	0	0.067	0.409
CHTOP	NUP37	9606.ENSP00000357679	9606.ENSP00000448054	0	0	0	0	0.138	0	0.400	0	0.460
CHTOP	EWSR1	9606.ENSP00000357679	9606.ENSP00000400142	0	0	0	0	0.456	0	0	0.187	0.539
CHTOP	S100A13	9606.ENSP00000357679	9606.ENSP00000392767	0	0	0	0	0.247	0	0	0.436	0.557
CLASP1	YWHAH	9606.ENSP00000263710	9606.ENSP00000248975	0	0	0	0	0.048	0.420	0	0.110	0.466
CLASP1	DYNC1H1	9606.ENSP00000263710	9606.ENSP00000348965	0	0	0	0	0.108	0.230	0	0.240	0.432
CLASP1	XRCC6	9606.ENSP00000263710	9606.ENSP00000352257	0	0.455	0	0	0.055	0	0	0.052	0.469
CLIC1	LRRC8A	9606.ENSP00000364935	9606.ENSP00000259324	0	0	0	0	0.042	0	0	0.413	0.413
CLIC1	S100A11	9606.ENSP00000364935	9606.ENSP00000271638	0	0	0	0	0.286	0.045	0	0.493	0.624
CLIC1	GLRX	9606.ENSP00000364935	9606.ENSP00000369314	0	0	0	0	0.142	0	0	0.353	0.422
CLIC1	ENO1	9606.ENSP00000364935	9606.ENSP00000495530	0	0	0	0	0.167	0.162	0	0.247	0.429
CNOT6L	PAF1	9606.ENSP00000424896	9606.ENSP00000221265	0	0	0	0	0.054	0.619	0	0	0.624
CNOT6L	TNRC6A	9606.ENSP00000424896	9606.ENSP00000379144	0	0	0	0	0.067	0.621	0	0.432	0.781
COPA	YKT6	9606.ENSP00000357048	9606.ENSP00000223369	0	0	0	0	0.074	0	0.500	0.178	0.586
COPA	SEC61A1	9606.ENSP00000357048	9606.ENSP00000243253	0	0	0	0	0.404	0	0	0.054	0.412
COPA	DIPK2A	9606.ENSP00000357048	9606.ENSP00000320081	0	0	0	0	0	0	0.900	0	0.900
COPA	TRIP10	9606.ENSP00000357048	9606.ENSP00000320117	0	0	0	0	0.044	0.440	0	0	0.441
COPA	COPZ1	9606.ENSP00000357048	9606.ENSP00000449270	0	0	0	0	0.304	0.948	0.900	0.997	0.999
COPZ1	YKT6	9606.ENSP00000449270	9606.ENSP00000223369	0	0	0	0	0.128	0	0.500	0.072	0.560
COPZ1	DIPK2A	9606.ENSP00000449270	9606.ENSP00000320081	0	0	0	0	0	0	0.900	0	0.900
CTNNBL1	DDX39A	9606.ENSP00000355050	9606.ENSP00000242776	0	0	0	0	0.476	0.064	0	0	0.488
CTNNBL1	DNAJC8	9606.ENSP00000355050	9606.ENSP00000263697	0	0	0	0	0.430	0	0	0	0.430
CTNNBL1	RBM14	9606.ENSP00000355050	9606.ENSP00000311747	0	0	0	0	0.635	0	0	0.087	0.652
CTNNBL1	HNRNPM	9606.ENSP00000355050	9606.ENSP00000325376	0	0	0	0	0.763	0	0	0.143	0.788
CTNNBL1	PTBP1	9606.ENSP00000355050	9606.ENSP00000349428	0	0	0	0	0.700	0	0	0.184	0.744
CTNNBL1	UBL5	9606.ENSP00000355050	9606.ENSP00000351492	0	0	0	0	0.055	0.809	0.400	0	0.882
CTNNBL1	XRCC6	9606.ENSP00000355050	9606.ENSP00000352257	0	0	0	0	0.425	0	0	0.069	0.441
CTNNBL1	EWSR1	9606.ENSP00000355050	9606.ENSP00000400142	0	0	0	0	0.437	0.166	0	0	0.510
CTNNBL1	ZCCHC10	9606.ENSP00000355050	9606.ENSP00000423276	0	0	0	0	0.067	0.488	0	0.082	0.523
CTNNBL1	FUBP1	9606.ENSP00000355050	9606.ENSP00000359804	0	0	0	0	0.631	0	0	0.079	0.645
CTNNBL1	HNRNPU	9606.ENSP00000355050	9606.ENSP00000491215	0	0	0	0	0.663	0	0	0	0.663
CTSB	SERPINE1	9606.ENSP00000345672	9606.ENSP00000223095	0	0	0	0	0.085	0.052	0.540	0.392	0.725
CTSB	FUS	9606.ENSP00000345672	9606.ENSP00000254108	0	0	0	0	0.087	0	0	0.476	0.501
CTSB	EGFR	9606.ENSP00000345672	9606.ENSP00000275493	0	0	0	0	0.049	0	0	0.616	0.619
CTSB	MMP1	9606.ENSP00000345672	9606.ENSP00000322788	0	0	0	0	0.111	0	0	0.394	0.439
CTSB	PLAUR	9606.ENSP00000345672	9606.ENSP00000339328	0	0	0	0	0.121	0	0	0.418	0.466
CTSB	QPCT	9606.ENSP00000345672	9606.ENSP00000344829	0	0	0	0	0.067	0	0	0.468	0.482
CTSB	JUN	9606.ENSP00000345672	9606.ENSP00000360266	0	0	0	0	0.113	0	0	0.593	0.623
CTSB	S100A10	9606.ENSP00000345672	9606.ENSP00000357801	0	0	0	0	0.085	0.313	0	0.638	0.753
CXCL1	MIF	9606.ENSP00000379110	9606.ENSP00000215754	0	0	0	0	0.063	0	0	0.517	0.528
CXCL1	SERPINE1	9606.ENSP00000379110	9606.ENSP00000223095	0	0	0	0	0.162	0	0	0.530	0.590
CXCL1	IL7	9606.ENSP00000379110	9606.ENSP00000263851	0	0	0	0	0.080	0	0	0.789	0.797
CXCL1	EGFR	9606.ENSP00000379110	9606.ENSP00000275493	0	0	0	0	0.042	0	0	0.455	0.455
CXCL1	MMP10	9606.ENSP00000379110	9606.ENSP00000279441	0	0	0	0	0.180	0	0	0.399	0.486
CXCL1	MMP1	9606.ENSP00000379110	9606.ENSP00000322788	0	0	0	0	0.225	0	0	0.694	0.752
CXCL1	TNFRSF12A	9606.ENSP00000379110	9606.ENSP00000326737	0	0	0	0	0.130	0	0	0.577	0.617
CXCL1	PLAUR	9606.ENSP00000379110	9606.ENSP00000339328	0	0	0	0	0.227	0	0	0.511	0.605
CXCL1	JUN	9606.ENSP00000379110	9606.ENSP00000360266	0	0	0	0	0.084	0	0.900	0.517	0.952
CXCL1	TGFA	9606.ENSP00000379110	9606.ENSP00000404131	0	0	0	0	0.084	0	0	0.527	0.548
DCLK1	TUBB6	9606.ENSP00000353846	9606.ENSP00000318697	0	0	0	0	0.045	0.494	0	0.074	0.513
DCLK1	TUBA1B	9606.ENSP00000353846	9606.ENSP00000336799	0	0	0	0	0.055	0.506	0	0.139	0.563
DCLK1	TUBB	9606.ENSP00000353846	9606.ENSP00000339001	0	0	0	0	0	0.494	0	0.074	0.511
DCLK1	RSPO1	9606.ENSP00000353846	9606.ENSP00000348944	0	0	0	0	0.055	0.098	0	0.418	0.460
DCLK1	TUBA1C	9606.ENSP00000353846	9606.ENSP00000443475	0	0	0	0	0.055	0.506	0	0.102	0.544
DCT	EDNRB	9606.ENSP00000392762	9606.ENSP00000366416	0	0	0	0	0.082	0.049	0	0.543	0.566
DCT	PLP1	9606.ENSP00000392762	9606.ENSP00000481006	0	0	0	0	0.235	0.197	0	0.107	0.403
DDX39A	HNRNPLL	9606.ENSP00000242776	9606.ENSP00000390625	0	0	0	0	0.096	0.278	0	0.154	0.400
DDX39A	PTBP1	9606.ENSP00000242776	9606.ENSP00000349428	0	0	0	0	0.274	0	0	0.208	0.401
DDX39A	HNRNPU	9606.ENSP00000242776	9606.ENSP00000491215	0	0	0	0	0.330	0.070	0	0.263	0.501
DDX39A	HNRNPM	9606.ENSP00000242776	9606.ENSP00000325376	0.042	0	0	0	0.397	0.094	0	0.228	0.543
DDX39A	DDX56	9606.ENSP00000242776	9606.ENSP00000258772	0	0	0.179	0.664	0.201	0	0	0.368	0.549
DDX39A	NXT1	9606.ENSP00000242776	9606.ENSP00000254998	0	0	0	0	0.182	0	0.400	0.544	0.757
DDX39A	FUS	9606.ENSP00000242776	9606.ENSP00000254108	0	0	0	0	0.156	0.068	0	0.751	0.787
DDX56	TRMT6	9606.ENSP00000258772	9606.ENSP00000203001	0	0	0	0	0.832	0.066	0	0	0.836
DDX56	FUS	9606.ENSP00000258772	9606.ENSP00000254108	0	0	0	0	0.074	0.068	0	0.420	0.455
DDX56	RPL26L1	9606.ENSP00000258772	9606.ENSP00000428223	0	0	0	0	0.107	0.265	0	0.159	0.400
DDX56	TCOF1	9606.ENSP00000258772	9606.ENSP00000367028	0	0	0	0	0.128	0.095	0	0.309	0.407
DDX56	TNRC6A	9606.ENSP00000258772	9606.ENSP00000379144	0	0	0	0	0.059	0	0	0.420	0.430
DDX56	EIF3I	9606.ENSP00000258772	9606.ENSP00000362688	0	0	0	0	0.410	0.071	0	0.120	0.476
DDX56	RUVBL1	9606.ENSP00000258772	9606.ENSP00000318297	0	0	0	0	0.377	0.095	0	0.186	0.501
DDX56	HNRNPU	9606.ENSP00000258772	9606.ENSP00000491215	0	0	0	0	0.079	0.070	0	0.558	0.588
DDX56	HNRNPM	9606.ENSP00000258772	9606.ENSP00000325376	0.042	0	0	0	0.113	0.094	0	0.548	0.605
DDX56	LYAR	9606.ENSP00000258772	9606.ENSP00000345917	0	0	0	0	0.369	0.165	0	0.328	0.615
DDX56	GPATCH4	9606.ENSP00000258772	9606.ENSP00000396441	0	0	0	0	0.389	0.452	0	0.106	0.675
DDX56	RRP1	9606.ENSP00000258772	9606.ENSP00000417464	0	0	0	0	0.599	0.187	0	0.101	0.681
DDX56	ZNF593	9606.ENSP00000258772	9606.ENSP00000363384	0	0	0	0	0.700	0	0	0.105	0.720
DDX56	PWP1	9606.ENSP00000258772	9606.ENSP00000387365	0	0	0	0	0.666	0.073	0	0.270	0.754
DDX56	NOLC1	9606.ENSP00000258772	9606.ENSP00000385410	0	0	0	0	0.630	0.489	0	0.282	0.852
DENR	RHOT1	9606.ENSP00000280557	9606.ENSP00000351132	0	0	0	0	0.108	0.096	0	0.405	0.478
DENR	TSN	9606.ENSP00000280557	9606.ENSP00000374332	0	0	0	0	0.643	0	0	0	0.643
DENR	EIF3I	9606.ENSP00000280557	9606.ENSP00000362688	0	0	0	0	0.227	0.590	0	0.278	0.751
DIPK2A	STX17	9606.ENSP00000320081	9606.ENSP00000259400	0	0	0	0	0	0.292	0	0.189	0.401
DIPK2A	SLC9A1	9606.ENSP00000320081	9606.ENSP00000263980	0	0	0	0	0	0	0	0.662	0.662
DIPK2A	PIKFYVE	9606.ENSP00000320081	9606.ENSP00000264380	0	0	0	0	0.049	0.310	0.163	0.349	0.594
DNAJC8	PTBP1	9606.ENSP00000263697	9606.ENSP00000349428	0	0	0	0	0.421	0	0	0	0.420
DNAJC8	HNRNPM	9606.ENSP00000263697	9606.ENSP00000325376	0	0	0	0	0.407	0.127	0	0	0.460
DNAJC8	PRPF4	9606.ENSP00000263697	9606.ENSP00000363313	0	0	0	0	0.163	0	0.500	0.093	0.587
DPP9	FLNA	9606.ENSP00000262960	9606.ENSP00000358866	0	0	0	0	0.075	0.292	0	0.173	0.411
DR1	NUP50	9606.ENSP00000359295	9606.ENSP00000345895	0	0	0	0	0.459	0	0	0	0.459
DR1	H3C12	9606.ENSP00000359295	9606.ENSP00000352252	0	0	0	0	0.083	0	0.400	0.184	0.512
DTYMK	ITPA	9606.ENSP00000304802	9606.ENSP00000369456	0.057	0	0	0	0.113	0.091	0	0.472	0.545
DTYMK	UPP1	9606.ENSP00000304802	9606.ENSP00000330032	0.043	0	0	0	0.042	0	0	0.553	0.554
DTYMK	TYMP	9606.ENSP00000304802	9606.ENSP00000379038	0	0	0	0	0	0	0	0.559	0.559
DYNC1H1	TUBB6	9606.ENSP00000348965	9606.ENSP00000318697	0	0.006	0	0	0.062	0.236	0.650	0.249	0.786
DYNC1H1	TUBA1B	9606.ENSP00000348965	9606.ENSP00000336799	0	0.016	0	0	0.086	0.251	0.650	0.241	0.794
DYNC1H1	TUBB	9606.ENSP00000348965	9606.ENSP00000339001	0	0.006	0	0	0.061	0.236	0.800	0.361	0.896
DYNC1H1	RRBP1	9606.ENSP00000348965	9606.ENSP00000367038	0	0	0	0	0.083	0	0	0.389	0.415
DYNC1H1	FLNA	9606.ENSP00000348965	9606.ENSP00000358866	0	0	0	0	0.097	0.204	0	0.257	0.419
DYNC1H1	G3BP1	9606.ENSP00000348965	9606.ENSP00000377681	0	0	0	0	0.056	0.292	0	0.202	0.420
DYNC1H1	TUBA1C	9606.ENSP00000348965	9606.ENSP00000443475	0	0.015	0	0	0.087	0.251	0.650	0.242	0.794
EDNRB	NRG2	9606.ENSP00000366416	9606.ENSP00000354910	0	0	0	0	0.061	0	0	0.438	0.449
EGFR	TGFBR3	9606.ENSP00000275493	9606.ENSP00000212355	0	0	0	0	0	0.075	0	0.513	0.530
EGFR	MIF	9606.ENSP00000275493	9606.ENSP00000215754	0	0	0	0	0.049	0.292	0	0.333	0.511
EGFR	MAPK1	9606.ENSP00000275493	9606.ENSP00000215832	0	0	0	0.579	0.047	0.042	0	0.609	0.612
EGFR	SERPINE1	9606.ENSP00000275493	9606.ENSP00000223095	0	0	0	0	0.106	0	0	0.678	0.699
EGFR	SEC61A1	9606.ENSP00000275493	9606.ENSP00000243253	0	0	0	0	0.042	0.626	0	0.189	0.684
EGFR	IL7	9606.ENSP00000275493	9606.ENSP00000263851	0	0	0	0	0	0	0.650	0.349	0.762
EGFR	SLC9A1	9606.ENSP00000275493	9606.ENSP00000263980	0	0	0	0	0	0	0	0.595	0.595
EGFR	LAMC2	9606.ENSP00000275493	9606.ENSP00000264144	0	0	0	0	0.090	0.098	0	0.689	0.722
EGFR	PIKFYVE	9606.ENSP00000275493	9606.ENSP00000264380	0	0	0	0	0.049	0	0	0.562	0.565
EGFR	XPO5	9606.ENSP00000275493	9606.ENSP00000265351	0	0	0	0	0.044	0.191	0	0.333	0.439
EGFR	IQGAP1	9606.ENSP00000275493	9606.ENSP00000268182	0	0	0	0	0.062	0.510	0	0.700	0.850
EGFR	S100A11	9606.ENSP00000275493	9606.ENSP00000271638	0	0	0	0	0.055	0.226	0	0.467	0.577
EGFR	FUBP1	9606.ENSP00000275493	9606.ENSP00000359804	0	0	0	0	0.047	0.103	0	0.399	0.441
EGFR	LRRFIP1	9606.ENSP00000275493	9606.ENSP00000375857	0	0	0	0	0.042	0	0	0.445	0.445
EGFR	EWSR1	9606.ENSP00000275493	9606.ENSP00000400142	0	0	0	0	0.049	0.130	0	0.400	0.460
EGFR	SEC61G	9606.ENSP00000275493	9606.ENSP00000388337	0	0	0	0	0.125	0.078	0	0.401	0.475
EGFR	TUBB	9606.ENSP00000275493	9606.ENSP00000339001	0	0	0	0	0.047	0.392	0	0.245	0.524
EGFR	S100A6	9606.ENSP00000275493	9606.ENSP00000357709	0	0	0	0	0.070	0.045	0	0.517	0.533
EGFR	SMARCB1	9606.ENSP00000275493	9606.ENSP00000340883	0	0	0	0	0.047	0.073	0	0.517	0.536
EGFR	EIF4EBP1	9606.ENSP00000275493	9606.ENSP00000340691	0	0	0	0	0.042	0.078	0	0.524	0.542
EGFR	PLEC	9606.ENSP00000275493	9606.ENSP00000323856	0	0	0	0	0.081	0	0	0.525	0.544
EGFR	VAMP2	9606.ENSP00000275493	9606.ENSP00000418572	0	0	0	0	0	0	0.500	0.159	0.561
EGFR	SMARCA4	9606.ENSP00000275493	9606.ENSP00000343896	0	0	0	0	0.044	0.189	0	0.505	0.582
EGFR	XRCC6	9606.ENSP00000275493	9606.ENSP00000352257	0	0	0	0	0.049	0.103	0	0.557	0.589
EGFR	PKM	9606.ENSP00000275493	9606.ENSP00000320171	0	0	0	0	0.049	0.164	0	0.545	0.606
EGFR	TPM3	9606.ENSP00000275493	9606.ENSP00000498577	0	0	0	0	0.044	0.130	0	0.587	0.626
EGFR	RAB31	9606.ENSP00000275493	9606.ENSP00000461945	0	0	0	0	0.042	0.510	0	0.306	0.645
EGFR	H3C12	9606.ENSP00000275493	9606.ENSP00000352252	0	0	0	0	0.044	0.205	0	0.589	0.660
EGFR	MCL1	9606.ENSP00000275493	9606.ENSP00000358022	0	0	0	0	0.048	0.103	0	0.650	0.675
EGFR	MMP1	9606.ENSP00000275493	9606.ENSP00000322788	0	0	0	0	0.080	0	0	0.681	0.694
EGFR	ITGA5	9606.ENSP00000275493	9606.ENSP00000293379	0	0	0	0	0.059	0.292	0	0.714	0.792
EGFR	SDC4	9606.ENSP00000275493	9606.ENSP00000361818	0	0	0	0	0.109	0	0	0.785	0.800
EGFR	S100A10	9606.ENSP00000275493	9606.ENSP00000357801	0	0	0	0	0.624	0.100	0	0.509	0.819
EGFR	JUN	9606.ENSP00000275493	9606.ENSP00000360266	0	0	0	0	0.059	0.250	0	0.832	0.871
EGFR	PLAUR	9606.ENSP00000275493	9606.ENSP00000339328	0	0	0	0	0	0	0	0.896	0.896
EGFR	ENO1	9606.ENSP00000275493	9606.ENSP00000495530	0	0	0	0	0.052	0.620	0	0.816	0.928
EGFR	NRG2	9606.ENSP00000275493	9606.ENSP00000354910	0	0	0	0	0.067	0.287	0.900	0.958	0.996
EGFR	TGFA	9606.ENSP00000275493	9606.ENSP00000404131	0	0	0	0	0.062	0.983	0.900	0.998	0.999
EGFR	SHC1	9606.ENSP00000275493	9606.ENSP00000401303	0	0	0	0	0.067	0.995	0.900	0.994	0.999
EGR3	SDC4	9606.ENSP00000318057	9606.ENSP00000361818	0	0	0	0	0.056	0	0	0.394	0.403
EGR3	JUN	9606.ENSP00000318057	9606.ENSP00000360266	0	0	0	0	0.191	0.091	0	0.494	0.596
EHD2	SERPINE1	9606.ENSP00000263277	9606.ENSP00000223095	0	0	0	0	0.146	0	0	0.382	0.450
EIF3I	RBM14	9606.ENSP00000362688	9606.ENSP00000311747	0	0	0	0	0.407	0	0	0.072	0.426
EIF3I	RUVBL1	9606.ENSP00000362688	9606.ENSP00000318297	0	0	0	0	0.639	0.095	0	0.110	0.684
EIF3I	PTBP1	9606.ENSP00000362688	9606.ENSP00000349428	0	0	0	0	0.429	0	0	0.117	0.474
EIF3I	PFDN2	9606.ENSP00000362688	9606.ENSP00000356989	0	0	0	0	0.558	0	0	0	0.558
EIF3I	ENO1	9606.ENSP00000362688	9606.ENSP00000495530	0	0	0	0	0.344	0	0	0.161	0.426
EIF3I	S100A13	9606.ENSP00000362688	9606.ENSP00000392767	0	0	0	0	0.393	0	0	0.100	0.430
EIF3I	G3BP1	9606.ENSP00000362688	9606.ENSP00000377681	0	0	0	0	0.149	0.422	0	0.173	0.558
EIF4EBP1	MAPK1	9606.ENSP00000340691	9606.ENSP00000215832	0	0	0	0	0	0.328	0.900	0.708	0.978
EIF4EBP1	ERO1A	9606.ENSP00000340691	9606.ENSP00000379042	0	0	0	0	0.044	0	0	0.425	0.426
EIF4EBP1	MCL1	9606.ENSP00000340691	9606.ENSP00000358022	0	0	0	0	0	0	0	0.509	0.509
ENO1	MIF	9606.ENSP00000495530	9606.ENSP00000215754	0	0	0	0	0.297	0.186	0	0.220	0.515
ENO1	SEC61A1	9606.ENSP00000495530	9606.ENSP00000243253	0.095	0	0	0	0.410	0	0	0.075	0.463
ENO1	PEBP1	9606.ENSP00000495530	9606.ENSP00000261313	0	0	0	0	0.185	0	0	0.374	0.468
ENO1	S100A11	9606.ENSP00000495530	9606.ENSP00000271638	0	0	0	0	0.091	0.126	0	0.356	0.444
ENO1	RUVBL1	9606.ENSP00000495530	9606.ENSP00000318297	0	0	0	0	0.147	0.089	0	0.453	0.538
ENO1	TUBB6	9606.ENSP00000495530	9606.ENSP00000318697	0	0	0	0	0.155	0.179	0	0.367	0.523
ENO1	PKM	9606.ENSP00000495530	9606.ENSP00000320171	0.069	0	0	0	0.711	0	0.927	0.869	0.997
ENO1	PLEC	9606.ENSP00000495530	9606.ENSP00000323856	0	0	0	0	0.063	0.045	0	0.515	0.528
ENO1	TUBA1B	9606.ENSP00000495530	9606.ENSP00000336799	0	0	0	0	0.230	0.188	0	0.365	0.569
ENO1	TUBB	9606.ENSP00000495530	9606.ENSP00000339001	0	0	0	0	0.307	0.179	0	0.380	0.617
ENO1	XRCC6	9606.ENSP00000495530	9606.ENSP00000352257	0	0	0	0	0.335	0.075	0	0.436	0.622
ENO1	TAGLN2	9606.ENSP00000495530	9606.ENSP00000357076	0	0	0	0	0.166	0.183	0	0.367	0.531
ENO1	S100A10	9606.ENSP00000495530	9606.ENSP00000357801	0	0	0	0	0.086	0	0	0.589	0.608
ENO1	MCL1	9606.ENSP00000495530	9606.ENSP00000358022	0	0	0	0	0.048	0	0	0.436	0.440
ENO1	FLNA	9606.ENSP00000495530	9606.ENSP00000358866	0	0	0	0	0.079	0	0	0.558	0.575
ENO1	JUN	9606.ENSP00000495530	9606.ENSP00000360266	0	0	0	0	0	0.131	0	0.554	0.596
ENO1	GLRX	9606.ENSP00000495530	9606.ENSP00000369314	0.073	0	0	0	0.074	0	0	0.475	0.510
ENO1	ITPA	9606.ENSP00000495530	9606.ENSP00000369456	0.047	0	0	0	0.096	0.226	0	0.208	0.401
ENO1	POLR2F	9606.ENSP00000495530	9606.ENSP00000385725	0.111	0	0	0	0.413	0	0	0.300	0.603
ENO1	NDUFS1	9606.ENSP00000495530	9606.ENSP00000392709	0	0	0	0	0.205	0	0	0.334	0.448
ENO1	FLNB	9606.ENSP00000495530	9606.ENSP00000420213	0	0	0	0	0.071	0	0	0.476	0.492
ENO1	TUBA1C	9606.ENSP00000495530	9606.ENSP00000443475	0	0	0	0	0.253	0.188	0	0.355	0.574
ENO1	MRTFA	9606.ENSP00000495530	9606.ENSP00000498671	0.051	0	0	0	0.239	0.098	0	0.253	0.448
ENO1	PDIA4	9606.ENSP00000495530	9606.ENSP00000499129	0	0	0	0	0.182	0	0	0.506	0.579
ERO1A	SEC61A1	9606.ENSP00000379042	9606.ENSP00000243253	0	0	0	0	0.078	0.070	0	0.458	0.495
ERO1A	PDIA4	9606.ENSP00000379042	9606.ENSP00000499129	0	0	0	0	0.118	0.584	0.900	0.632	0.984
ETS2	MAPK1	9606.ENSP00000353344	9606.ENSP00000215832	0	0	0	0	0.067	0.069	0.900	0.450	0.945
ETS2	SMARCB1	9606.ENSP00000353344	9606.ENSP00000340883	0	0	0	0	0	0.095	0	0.437	0.468
ETS2	SMARCA4	9606.ENSP00000353344	9606.ENSP00000343896	0	0	0	0	0	0.095	0	0.607	0.629
ETS2	KLF6	9606.ENSP00000353344	9606.ENSP00000419923	0	0	0	0	0.127	0.058	0	0.412	0.475
ETS2	TNRC6A	9606.ENSP00000353344	9606.ENSP00000379144	0	0	0	0	0	0	0.500	0	0.499
ETS2	MCL1	9606.ENSP00000353344	9606.ENSP00000358022	0	0	0	0	0.170	0	0	0.462	0.534
ETS2	JUN	9606.ENSP00000353344	9606.ENSP00000360266	0	0	0	0	0.098	0.399	0	0.508	0.710
EWSR1	FUS	9606.ENSP00000400142	9606.ENSP00000254108	0	0	0	0.895	0.358	0.676	0	0.796	0.953
EWSR1	RBM14	9606.ENSP00000400142	9606.ENSP00000311747	0	0	0	0	0.413	0	0	0.409	0.638
EWSR1	RUVBL1	9606.ENSP00000400142	9606.ENSP00000318297	0	0	0	0	0.193	0.292	0	0.117	0.451
EWSR1	HNRNPM	9606.ENSP00000400142	9606.ENSP00000325376	0	0	0	0	0.831	0.204	0	0.328	0.901
EWSR1	ZMIZ1	9606.ENSP00000400142	9606.ENSP00000334474	0	0	0	0	0.058	0	0	0.393	0.404
EWSR1	SMARCB1	9606.ENSP00000400142	9606.ENSP00000340883	0	0	0	0	0.144	0	0	0.610	0.651
EWSR1	SMARCA4	9606.ENSP00000400142	9606.ENSP00000343896	0	0	0	0	0.176	0.292	0	0.572	0.728
EWSR1	THRAP3	9606.ENSP00000400142	9606.ENSP00000346634	0	0	0	0	0.382	0.196	0	0.166	0.549
EWSR1	PTBP1	9606.ENSP00000400142	9606.ENSP00000349428	0	0	0	0	0.457	0	0	0.308	0.608
EWSR1	XRCC6	9606.ENSP00000400142	9606.ENSP00000352257	0	0	0	0	0.414	0.057	0	0.177	0.505
EWSR1	FUBP1	9606.ENSP00000400142	9606.ENSP00000359804	0	0	0	0	0.379	0	0	0.214	0.492
EWSR1	JUN	9606.ENSP00000400142	9606.ENSP00000360266	0	0	0	0	0.043	0.452	0	0.239	0.566
EWSR1	G3BP1	9606.ENSP00000400142	9606.ENSP00000377681	0	0	0	0	0.138	0	0	0.368	0.432
EWSR1	ZNF207	9606.ENSP00000400142	9606.ENSP00000378165	0	0	0	0	0.335	0.166	0	0.116	0.467
EWSR1	HNRNPU	9606.ENSP00000400142	9606.ENSP00000491215	0	0	0	0	0.382	0.046	0	0.464	0.656
FAM49A	PIK3C2G	9606.ENSP00000370724	9606.ENSP00000445381	0	0	0	0	0.042	0	0	0.410	0.411
FBXL12	UBL5	9606.ENSP00000247977	9606.ENSP00000351492	0	0	0	0	0	0	0	0.455	0.455
FLNA	MAPK1	9606.ENSP00000358866	9606.ENSP00000215832	0	0	0	0	0.074	0	0	0.591	0.606
FLNA	IQGAP1	9606.ENSP00000358866	9606.ENSP00000268182	0	0	0	0	0.176	0.163	0	0.937	0.952
FLNA	ITGA5	9606.ENSP00000358866	9606.ENSP00000293379	0	0	0	0	0.219	0	0.650	0.291	0.789
FLNA	SYNPO2	9606.ENSP00000358866	9606.ENSP00000306015	0	0	0	0	0.073	0.476	0	0.604	0.791
FLNA	PAK2	9606.ENSP00000358866	9606.ENSP00000314067	0	0	0	0	0.047	0.067	0.500	0.178	0.585
FLNA	PLEC	9606.ENSP00000358866	9606.ENSP00000323856	0	0	0	0.548	0.218	0.233	0	0.711	0.812
FLNA	TES	9606.ENSP00000358866	9606.ENSP00000350937	0	0	0	0	0.058	0.388	0	0.086	0.427
FLNA	PFDN2	9606.ENSP00000358866	9606.ENSP00000356989	0	0	0	0	0.043	0.450	0	0	0.451
FLNA	TAGLN2	9606.ENSP00000358866	9606.ENSP00000357076	0	0	0	0	0.199	0	0.400	0.425	0.699
FLNA	TPM3	9606.ENSP00000358866	9606.ENSP00000498577	0	0	0	0	0.074	0	0	0.409	0.430
FLNA	SDC4	9606.ENSP00000358866	9606.ENSP00000361818	0	0	0	0	0.062	0	0	0.426	0.438
FLNA	HNRNPU	9606.ENSP00000358866	9606.ENSP00000491215	0	0	0	0	0.049	0	0	0.445	0.449
FLNA	TPM4	9606.ENSP00000358866	9606.ENSP00000494125	0	0	0	0	0.240	0.162	0	0.382	0.572
FLNA	FLNB	9606.ENSP00000358866	9606.ENSP00000420213	0	0	0.053	0.974	0.140	0.658	0.900	0.389	0.979
FLNB	MAPK1	9606.ENSP00000420213	9606.ENSP00000215832	0	0	0	0	0.063	0	0	0.558	0.569
FLNB	IQGAP1	9606.ENSP00000420213	9606.ENSP00000268182	0	0	0	0	0.067	0.163	0	0.389	0.481
FLNB	ITGA5	9606.ENSP00000420213	9606.ENSP00000293379	0	0	0	0	0.095	0	0.650	0.238	0.737
FLNB	SYNPO2	9606.ENSP00000420213	9606.ENSP00000306015	0	0	0	0	0.055	0.045	0	0.617	0.624
FLNB	PLEC	9606.ENSP00000420213	9606.ENSP00000323856	0	0	0	0.549	0.114	0.074	0	0.594	0.638
FLNB	TAGLN2	9606.ENSP00000420213	9606.ENSP00000357076	0	0	0	0	0.090	0	0	0.495	0.522
FLNB	SDC4	9606.ENSP00000420213	9606.ENSP00000361818	0	0	0	0	0.072	0	0	0.432	0.450
FLNB	G3BP1	9606.ENSP00000420213	9606.ENSP00000377681	0	0	0	0	0.060	0.420	0	0.068	0.447
FLNB	TPM4	9606.ENSP00000420213	9606.ENSP00000494125	0	0	0	0	0.089	0	0	0.379	0.410
FLNB	TPM3	9606.ENSP00000420213	9606.ENSP00000498577	0	0	0	0	0.069	0	0	0.457	0.473
FMN1	GAS7	9606.ENSP00000479134	9606.ENSP00000407552	0	0	0	0	0.045	0.321	0	0.177	0.419
FTL	TMSB10	9606.ENSP00000366525	9606.ENSP00000233143	0	0	0	0	0.310	0	0	0.212	0.433
FTL	PANK1	9606.ENSP00000366525	9606.ENSP00000302108	0	0	0	0	0	0	0	0.743	0.743
FTL	VAMP2	9606.ENSP00000366525	9606.ENSP00000418572	0	0	0	0	0	0	0.500	0	0.499
FTL	OAZ1	9606.ENSP00000366525	9606.ENSP00000473381	0	0	0	0	0.462	0	0	0.150	0.524
FUBP1	FUS	9606.ENSP00000359804	9606.ENSP00000254108	0	0	0	0	0.274	0	0	0.326	0.490
FUBP1	MED15	9606.ENSP00000359804	9606.ENSP00000263205	0	0	0	0	0.242	0	0	0.272	0.424
FUBP1	HNRNPM	9606.ENSP00000359804	9606.ENSP00000325376	0	0	0	0	0.504	0.095	0	0.437	0.725
FUBP1	PTBP1	9606.ENSP00000359804	9606.ENSP00000349428	0	0	0	0	0.435	0.044	0	0.291	0.583
FUBP1	HNRNPU	9606.ENSP00000359804	9606.ENSP00000491215	0	0	0	0	0.493	0	0	0.191	0.572
FUBP1	ZNF207	9606.ENSP00000359804	9606.ENSP00000378165	0	0	0	0	0.684	0	0	0.139	0.716
FUS	NXT1	9606.ENSP00000254108	9606.ENSP00000254998	0	0	0	0	0.054	0	0	0.393	0.401
FUS	THRAP3	9606.ENSP00000254108	9606.ENSP00000346634	0	0	0	0	0.152	0.593	0	0.200	0.699
FUS	SMARCB1	9606.ENSP00000254108	9606.ENSP00000340883	0	0	0	0	0.157	0.292	0	0.551	0.708
FUS	RBM14	9606.ENSP00000254108	9606.ENSP00000311747	0	0	0	0	0.208	0.205	0	0.728	0.814
FUS	G3BP1	9606.ENSP00000254108	9606.ENSP00000377681	0	0	0	0	0.109	0	0	0.839	0.850
FUS	PTBP1	9606.ENSP00000254108	9606.ENSP00000349428	0	0	0	0	0.199	0.179	0.400	0.670	0.852
FUS	SMARCA4	9606.ENSP00000254108	9606.ENSP00000343896	0	0	0	0	0.226	0.424	0	0.738	0.873
FUS	HNRNPM	9606.ENSP00000254108	9606.ENSP00000325376	0	0	0	0	0.429	0.592	0.400	0.666	0.947
FUS	HNRNPU	9606.ENSP00000254108	9606.ENSP00000491215	0	0	0	0	0.462	0.626	0.400	0.641	0.950
FXYD5	S100A6	9606.ENSP00000444839	9606.ENSP00000357709	0	0	0	0	0.225	0	0	0.272	0.411
G3BP1	SRCAP	9606.ENSP00000377681	9606.ENSP00000262518	0	0	0	0	0.058	0.131	0	0.745	0.773
G3BP1	HNRNPM	9606.ENSP00000377681	9606.ENSP00000325376	0	0	0	0	0.244	0	0	0.561	0.654
G3BP1	PRRC2C	9606.ENSP00000377681	9606.ENSP00000343629	0	0	0	0	0.088	0.557	0	0.543	0.799
G3BP1	PTBP1	9606.ENSP00000377681	9606.ENSP00000349428	0	0	0	0	0.186	0.133	0	0.519	0.631
G3BP1	RCC1	9606.ENSP00000377681	9606.ENSP00000497402	0	0	0	0	0.166	0.292	0	0.079	0.409
G3BP1	HNRNPU	9606.ENSP00000377681	9606.ENSP00000491215	0	0	0	0	0.107	0.176	0	0.286	0.429
G3BP1	TNRC6A	9606.ENSP00000377681	9606.ENSP00000379144	0	0	0	0	0.042	0	0	0.474	0.474
G3BP1	RANBP1	9606.ENSP00000377681	9606.ENSP00000401564	0	0	0	0	0.223	0.292	0	0.131	0.480
G3BP1	NOLC1	9606.ENSP00000377681	9606.ENSP00000385410	0	0	0	0	0.252	0.449	0	0.128	0.609
GALE	PMM2	9606.ENSP00000483375	9606.ENSP00000268261	0.042	0	0	0	0.152	0	0	0.492	0.552
GAS7	TGFBR3	9606.ENSP00000407552	9606.ENSP00000212355	0	0	0	0	0.060	0.184	0	0.432	0.526
GAS7	TRIP10	9606.ENSP00000407552	9606.ENSP00000320117	0	0	0	0	0.049	0.062	0	0.421	0.439
GAS7	HNRNPU	9606.ENSP00000407552	9606.ENSP00000491215	0	0	0	0	0.046	0.391	0	0.078	0.417
GAS7	PPM1L	9606.ENSP00000407552	9606.ENSP00000417659	0	0	0	0	0.077	0.052	0	0.545	0.567
GATM	PKM	9606.ENSP00000379895	9606.ENSP00000320171	0	0	0	0	0	0.091	0	0.436	0.465
GATM	OAT	9606.ENSP00000379895	9606.ENSP00000357838	0	0	0	0	0.048	0.067	0	0.490	0.507
GDE1	RGS5	9606.ENSP00000261386	9606.ENSP00000433001	0	0	0	0	0	0	0	0.481	0.481
GLRX	MCL1	9606.ENSP00000369314	9606.ENSP00000358022	0	0	0	0	0.059	0	0	0.394	0.406
GLRX	ITPA	9606.ENSP00000369314	9606.ENSP00000369456	0	0	0	0	0.061	0	0.733	0.052	0.741
GNG5	MAPK1	9606.ENSP00000359675	9606.ENSP00000215832	0	0	0	0	0.054	0	0.650	0.107	0.678
GNG5	ITGA5	9606.ENSP00000359675	9606.ENSP00000293379	0	0	0	0	0.042	0	0.500	0	0.500
GNG5	SHC1	9606.ENSP00000359675	9606.ENSP00000401303	0	0	0	0	0.053	0	0.500	0	0.506
GNG5	RGS5	9606.ENSP00000359675	9606.ENSP00000433001	0	0	0	0	0	0.049	0.500	0.069	0.518
GPATCH4	TRMT6	9606.ENSP00000396441	9606.ENSP00000203001	0	0	0	0	0.416	0	0	0	0.416
GPATCH4	LYAR	9606.ENSP00000396441	9606.ENSP00000345917	0	0	0	0	0.666	0.221	0	0.078	0.739
GPATCH4	ZNF593	9606.ENSP00000396441	9606.ENSP00000363384	0	0	0	0	0.392	0	0	0.146	0.458
GPATCH4	NOLC1	9606.ENSP00000396441	9606.ENSP00000385410	0	0	0	0	0.370	0.307	0	0.116	0.580
H2AC14	RUVBL1	9606.ENSP00000328484	9606.ENSP00000318297	0	0	0	0	0	0.311	0.500	0.066	0.650
H2AC14	MORF4L1	9606.ENSP00000328484	9606.ENSP00000331310	0	0	0	0	0	0.088	0.400	0	0.429
H2AC14	VPS72	9606.ENSP00000328484	9606.ENSP00000346464	0	0	0	0	0	0.103	0.400	0.057	0.448
H2AC14	TNRC6A	9606.ENSP00000328484	9606.ENSP00000379144	0	0	0	0	0	0	0.500	0	0.499
H2AC14	JUN	9606.ENSP00000328484	9606.ENSP00000360266	0	0	0	0	0.044	0	0.500	0	0.501
H2AC14	POLR2F	9606.ENSP00000328484	9606.ENSP00000385725	0	0	0	0	0	0.303	0.500	0	0.636
H2AC14	H3C12	9606.ENSP00000328484	9606.ENSP00000352252	0	0.036	0	0	0.304	0.177	0.400	0.248	0.707
H3C12	MAPK1	9606.ENSP00000352252	9606.ENSP00000215832	0	0	0	0	0.042	0.078	0	0.382	0.407
H3C12	PAF1	9606.ENSP00000352252	9606.ENSP00000221265	0	0	0	0	0.047	0.293	0	0.220	0.429
H3C12	PCGF1	9606.ENSP00000352252	9606.ENSP00000233630	0	0	0	0	0	0.129	0	0.419	0.472
H3C12	SRCAP	9606.ENSP00000352252	9606.ENSP00000262518	0	0	0	0	0.049	0.181	0	0.368	0.465
H3C12	HNMT	9606.ENSP00000352252	9606.ENSP00000280097	0	0	0	0	0	0	0	0.690	0.690
H3C12	RUVBL1	9606.ENSP00000352252	9606.ENSP00000318297	0	0	0	0	0.056	0.869	0	0.343	0.912
H3C12	PKM	9606.ENSP00000352252	9606.ENSP00000320171	0	0	0	0	0.042	0.164	0	0.650	0.695
H3C12	SMARCE1	9606.ENSP00000352252	9606.ENSP00000323967	0	0	0	0	0.073	0.810	0.400	0.556	0.947
H3C12	LMNB2	9606.ENSP00000352252	9606.ENSP00000327054	0	0	0	0	0.072	0	0	0.492	0.509
H3C12	MORF4L1	9606.ENSP00000352252	9606.ENSP00000331310	0	0	0	0	0.117	0.162	0	0.796	0.836
H3C12	SMARCB1	9606.ENSP00000352252	9606.ENSP00000340883	0	0	0	0	0.054	0.888	0.400	0.512	0.965
H3C12	SMARCA4	9606.ENSP00000352252	9606.ENSP00000343896	0	0	0	0	0.056	0.927	0.400	0.912	0.995
H3C12	PTBP1	9606.ENSP00000352252	9606.ENSP00000349428	0	0	0	0	0.068	0	0	0.553	0.566
H3C12	MCL1	9606.ENSP00000352252	9606.ENSP00000358022	0	0	0	0	0.043	0.050	0	0.428	0.435
H3C12	TCOF1	9606.ENSP00000352252	9606.ENSP00000367028	0	0	0	0	0.055	0.106	0	0.441	0.486
H3C12	TNRC6A	9606.ENSP00000352252	9606.ENSP00000379144	0	0	0	0	0	0	0.500	0.174	0.569
H3C12	RCC1	9606.ENSP00000352252	9606.ENSP00000497402	0	0	0	0	0.214	0.286	0	0.352	0.604
H3C12	POLR2F	9606.ENSP00000352252	9606.ENSP00000385725	0	0	0	0	0.055	0.311	0.500	0.146	0.684
H3C12	XRCC6	9606.ENSP00000352252	9606.ENSP00000352257	0	0	0	0	0.100	0.450	0	0.558	0.762
H3C12	JUN	9606.ENSP00000352252	9606.ENSP00000360266	0	0	0	0	0	0	0.500	0.746	0.867
H3C12	HDGFL2	9606.ENSP00000352252	9606.ENSP00000483345	0	0	0	0	0.056	0.908	0	0.183	0.923
HDLBP	SEC61A1	9606.ENSP00000375836	9606.ENSP00000243253	0	0	0	0	0.459	0	0	0.065	0.473
HDLBP	HNRNPM	9606.ENSP00000375836	9606.ENSP00000325376	0	0	0	0	0.068	0.071	0	0.412	0.446
HDLBP	RRBP1	9606.ENSP00000375836	9606.ENSP00000367038	0	0	0	0	0.231	0.087	0	0.592	0.688
HLF	JUN	9606.ENSP00000226067	9606.ENSP00000360266	0	0	0	0	0	0.314	0	0.173	0.409
HLF	TCF3	9606.ENSP00000226067	9606.ENSP00000262965	0	0	0	0	0.044	0	0	0.747	0.748
HNMT	PAF1	9606.ENSP00000280097	9606.ENSP00000221265	0	0	0	0	0	0	0	0.417	0.416
HNMT	HRH1	9606.ENSP00000280097	9606.ENSP00000380247	0	0	0	0	0.049	0	0	0.521	0.525
HNMT	SMARCA4	9606.ENSP00000280097	9606.ENSP00000343896	0	0	0	0	0	0	0	0.593	0.593
HNRNPLL	PKM	9606.ENSP00000390625	9606.ENSP00000320171	0	0	0	0	0.045	0	0	0.408	0.412
HNRNPLL	HNRNPM	9606.ENSP00000390625	9606.ENSP00000325376	0	0	0	0	0.049	0	0	0.445	0.449
HNRNPLL	TUBB	9606.ENSP00000390625	9606.ENSP00000339001	0	0	0	0	0.058	0.054	0	0.391	0.410
HNRNPLL	PTBP1	9606.ENSP00000390625	9606.ENSP00000349428	0	0	0	0.681	0.055	0.284	0	0.475	0.614
HNRNPLL	HNRNPU	9606.ENSP00000390625	9606.ENSP00000491215	0	0	0	0	0.064	0.066	0	0.561	0.583
HNRNPM	RBM14	9606.ENSP00000325376	9606.ENSP00000311747	0	0	0	0	0.685	0.362	0	0.328	0.853
HNRNPM	MYEF2	9606.ENSP00000325376	9606.ENSP00000316950	0	0	0.062	0.923	0.055	0.270	0.540	0.098	0.682
HNRNPM	RUVBL1	9606.ENSP00000325376	9606.ENSP00000318297	0	0	0	0	0.359	0.071	0	0.164	0.459
HNRNPM	MORF4L1	9606.ENSP00000325376	9606.ENSP00000331310	0	0	0	0	0.135	0.295	0	0.139	0.430
HNRNPM	NOLC1	9606.ENSP00000325376	9606.ENSP00000385410	0	0	0	0	0.155	0	0	0.464	0.528
HNRNPM	XRCC6	9606.ENSP00000325376	9606.ENSP00000352257	0	0	0	0	0.437	0.094	0	0.193	0.552
HNRNPM	POLR2F	9606.ENSP00000325376	9606.ENSP00000385725	0	0	0	0	0.070	0.137	0.500	0.167	0.621
HNRNPM	THRAP3	9606.ENSP00000325376	9606.ENSP00000346634	0	0	0	0	0.304	0.229	0	0.399	0.649
HNRNPM	PTBP1	9606.ENSP00000325376	9606.ENSP00000349428	0	0	0	0	0.771	0.045	0.400	0.876	0.981
HNRNPM	HNRNPU	9606.ENSP00000325376	9606.ENSP00000491215	0	0	0	0	0.789	0	0.400	0.892	0.985
HNRNPM	ZNF207	9606.ENSP00000325376	9606.ENSP00000378165	0	0	0	0	0.289	0.994	0	0.085	0.995
HNRNPU	RBM14	9606.ENSP00000491215	9606.ENSP00000311747	0	0	0	0	0.534	0.187	0	0.326	0.722
HNRNPU	MORF4L1	9606.ENSP00000491215	9606.ENSP00000331310	0	0	0	0	0.165	0.292	0	0.138	0.446
HNRNPU	PRRC2C	9606.ENSP00000491215	9606.ENSP00000343629	0	0	0	0	0.311	0	0	0.253	0.464
HNRNPU	NUP50	9606.ENSP00000491215	9606.ENSP00000345895	0	0	0	0	0.216	0.211	0	0.108	0.400
HNRNPU	THRAP3	9606.ENSP00000491215	9606.ENSP00000346634	0	0	0	0	0.263	0.205	0	0.233	0.512
HNRNPU	PTBP1	9606.ENSP00000491215	9606.ENSP00000349428	0	0	0	0	0.631	0.238	0.400	0.704	0.943
HNRNPU	XRCC6	9606.ENSP00000491215	9606.ENSP00000352257	0	0	0	0	0.318	0	0	0.391	0.566
HNRNPU	PRPF4	9606.ENSP00000491215	9606.ENSP00000363313	0	0	0	0	0.163	0.205	0	0.240	0.450
HNRNPU	TPM3	9606.ENSP00000491215	9606.ENSP00000498577	0	0	0	0	0.098	0	0	0.407	0.442
HRH1	TPM3	9606.ENSP00000380247	9606.ENSP00000498577	0	0	0	0	0	0	0	0.417	0.416
HRH1	PRLR	9606.ENSP00000380247	9606.ENSP00000482954	0	0	0	0	0	0	0	0.417	0.416
ID4	TCF3	9606.ENSP00000367972	9606.ENSP00000262965	0	0	0	0	0	0.610	0	0.742	0.895
IFRD2	RPL26L1	9606.ENSP00000402849	9606.ENSP00000428223	0	0	0	0	0.062	0.517	0	0	0.527
IL7	TCF3	9606.ENSP00000263851	9606.ENSP00000262965	0	0	0	0	0	0	0	0.507	0.507
IL7	MCL1	9606.ENSP00000263851	9606.ENSP00000358022	0	0	0	0	0.086	0	0	0.380	0.409
IL7	TGFA	9606.ENSP00000263851	9606.ENSP00000404131	0	0	0	0	0	0	0	0.503	0.503
IL7	PRLR	9606.ENSP00000263851	9606.ENSP00000482954	0	0	0	0	0	0	0.650	0.180	0.700
INHBA	SERPINE1	9606.ENSP00000242208	9606.ENSP00000223095	0	0	0	0	0.184	0	0	0.315	0.417
INHBA	MMP1	9606.ENSP00000242208	9606.ENSP00000322788	0	0	0	0	0.197	0	0	0.342	0.449
INHBA	PTHLH	9606.ENSP00000242208	9606.ENSP00000441765	0	0	0	0	0.072	0	0	0.528	0.543
INHBA	JUN	9606.ENSP00000242208	9606.ENSP00000360266	0	0	0	0	0.062	0	0	0.535	0.546
IQGAP1	MAPK1	9606.ENSP00000268182	9606.ENSP00000215832	0	0	0	0	0.073	0.312	0.900	0.841	0.988
IQGAP1	RHOQ	9606.ENSP00000268182	9606.ENSP00000238738	0	0	0	0	0.071	0.247	0.500	0.475	0.792
IQGAP1	PEBP1	9606.ENSP00000268182	9606.ENSP00000261313	0	0	0	0	0.054	0	0.400	0.101	0.445
IQGAP1	RAB31	9606.ENSP00000268182	9606.ENSP00000461945	0	0	0	0	0.125	0	0	0.344	0.401
IQGAP1	XRCC6	9606.ENSP00000268182	9606.ENSP00000352257	0	0	0	0	0.056	0	0	0.399	0.408
IQGAP1	TES	9606.ENSP00000268182	9606.ENSP00000350937	0	0	0	0	0.087	0.363	0	0.065	0.409
IQGAP1	SHC1	9606.ENSP00000268182	9606.ENSP00000401303	0	0	0	0	0.049	0.317	0	0.221	0.450
IQGAP1	PAK2	9606.ENSP00000268182	9606.ENSP00000314067	0	0	0	0	0.078	0	0.400	0.190	0.513
IQGAP1	TRIP10	9606.ENSP00000268182	9606.ENSP00000320117	0	0	0	0	0.047	0	0.400	0.232	0.522
IQGAP1	TPM3	9606.ENSP00000268182	9606.ENSP00000498577	0	0	0	0	0.087	0.164	0.400	0.161	0.564
IQGAP1	TPM4	9606.ENSP00000268182	9606.ENSP00000494125	0	0	0	0	0.141	0.180	0.400	0.640	0.827
ITFG1	RUVBL1	9606.ENSP00000319918	9606.ENSP00000318297	0	0	0	0	0.042	0.292	0	0.283	0.471
ITGA5	SERPINE1	9606.ENSP00000293379	9606.ENSP00000223095	0	0	0	0	0.310	0	0	0.393	0.564
ITGA5	LAMC2	9606.ENSP00000293379	9606.ENSP00000264144	0	0	0	0	0.049	0.071	0.650	0.612	0.864
ITGA5	ITGBL1	9606.ENSP00000293379	9606.ENSP00000365351	0	0	0	0	0.080	0.135	0	0.363	0.449
ITGA5	PLAUR	9606.ENSP00000293379	9606.ENSP00000339328	0	0	0	0	0.273	0	0	0.348	0.506
ITGA5	SHC1	9606.ENSP00000293379	9606.ENSP00000401303	0	0	0	0	0.140	0	0.500	0.311	0.678
ITPA	PKM	9606.ENSP00000369456	9606.ENSP00000320171	0	0	0	0	0.048	0.103	0.900	0.236	0.926
JOSD1	USP30	9606.ENSP00000216039	9606.ENSP00000257548	0	0	0	0	0.056	0	0	0.390	0.400
JPT1	JPT2	9606.ENSP00000348316	9606.ENSP00000248098	0	0	0	0	0.062	0	0	0.718	0.724
JUN	MIF	9606.ENSP00000360266	9606.ENSP00000215754	0	0	0	0	0.044	0.190	0	0.543	0.615
JUN	MAPK1	9606.ENSP00000360266	9606.ENSP00000215832	0	0	0	0	0	0.771	0.900	0.958	0.998
JUN	SERPINE1	9606.ENSP00000360266	9606.ENSP00000223095	0	0	0	0	0.074	0	0	0.572	0.586
JUN	MAP3K13	9606.ENSP00000360266	9606.ENSP00000265026	0	0	0	0	0	0	0	0.573	0.573
JUN	PKM	9606.ENSP00000360266	9606.ENSP00000320171	0	0	0	0	0	0.131	0	0.352	0.413
JUN	MMP1	9606.ENSP00000360266	9606.ENSP00000322788	0	0	0	0	0	0.608	0	0.614	0.842
JUN	LMNB2	9606.ENSP00000360266	9606.ENSP00000327054	0	0	0	0	0	0.131	0	0.438	0.491
JUN	NRIP1	9606.ENSP00000360266	9606.ENSP00000327213	0	0	0	0	0.061	0.292	0	0.715	0.793
JUN	SMARCB1	9606.ENSP00000360266	9606.ENSP00000340883	0	0	0	0	0	0.420	0	0.295	0.573
JUN	SMARCA4	9606.ENSP00000360266	9606.ENSP00000343896	0	0	0	0	0	0.214	0	0.429	0.532
JUN	MCL1	9606.ENSP00000360266	9606.ENSP00000358022	0	0	0	0	0.101	0	0	0.634	0.656
JUN	MARK1	9606.ENSP00000360266	9606.ENSP00000483424	0	0	0	0	0	0	0	0.429	0.429
JUN	TGFA	9606.ENSP00000360266	9606.ENSP00000404131	0	0	0	0	0	0	0	0.487	0.487
JUN	TNRC6A	9606.ENSP00000360266	9606.ENSP00000379144	0	0	0	0	0	0	0.500	0.116	0.539
JUN	SHC1	9606.ENSP00000360266	9606.ENSP00000401303	0	0	0	0	0	0	0	0.540	0.540
JUN	PTHLH	9606.ENSP00000360266	9606.ENSP00000441765	0	0	0	0	0	0	0	0.548	0.548
JUN	KLF6	9606.ENSP00000360266	9606.ENSP00000419923	0	0	0	0	0.420	0.091	0	0.690	0.822
KCTD10	PLXNB2	9606.ENSP00000228495	9606.ENSP00000352288	0	0	0	0	0.118	0	0	0.365	0.416
KLF6	PLAUR	9606.ENSP00000419923	9606.ENSP00000339328	0	0	0	0	0.148	0	0	0.383	0.452
KLF6	MCL1	9606.ENSP00000419923	9606.ENSP00000358022	0	0	0	0	0.295	0	0	0.193	0.407
KLF7	PLAUR	9606.ENSP00000309570	9606.ENSP00000339328	0	0	0	0	0.064	0	0	0.423	0.436
KRT77	SERPINA12	9606.ENSP00000342710	9606.ENSP00000342109	0	0	0	0	0.625	0.041	0	0.094	0.646
KRT77	SERPINB12	9606.ENSP00000342710	9606.ENSP00000372218	0	0	0	0	0.188	0.041	0	0.380	0.476
LAMC2	MMP10	9606.ENSP00000264144	9606.ENSP00000279441	0	0	0	0	0.191	0	0	0.338	0.441
LAMC2	MMP1	9606.ENSP00000264144	9606.ENSP00000322788	0	0	0	0	0.108	0	0	0.588	0.616
LAMC2	PLEC	9606.ENSP00000264144	9606.ENSP00000323856	0	0	0	0	0.056	0.053	0.500	0.396	0.693
LGR6	RSPO1	9606.ENSP00000356247	9606.ENSP00000348944	0	0	0	0	0.062	0	0.900	0.986	0.998
LLPH	TMBIM4	9606.ENSP00000266604	9606.ENSP00000286424	0	0.200	0	0	0.067	0	0	0.432	0.539
LLPH	ZNF593	9606.ENSP00000266604	9606.ENSP00000363384	0	0	0	0	0.129	0.800	0	0.423	0.890
LMAN2	YKT6	9606.ENSP00000303366	9606.ENSP00000223369	0	0	0	0	0.063	0	0.500	0.052	0.517
LMAN2	STX17	9606.ENSP00000303366	9606.ENSP00000259400	0	0	0	0	0.049	0	0.500	0	0.504
LMAN2	PDIA4	9606.ENSP00000303366	9606.ENSP00000499129	0	0	0	0	0.204	0.219	0	0.207	0.464
LMAN2	TGFA	9606.ENSP00000303366	9606.ENSP00000404131	0	0	0	0	0	0	0.500	0	0.499
LMNB2	MAPK1	9606.ENSP00000327054	9606.ENSP00000215832	0	0	0	0	0.049	0.510	0	0.191	0.590
LMNB2	PLEC	9606.ENSP00000327054	9606.ENSP00000323856	0	0	0	0	0.074	0.091	0	0.410	0.460
LMNB2	SUMO3	9606.ENSP00000327054	9606.ENSP00000409666	0	0	0	0	0.074	0.091	0	0.360	0.415
LMNB2	RCC1	9606.ENSP00000327054	9606.ENSP00000497402	0	0	0	0	0.293	0	0	0.269	0.461
LYAR	TSR3	9606.ENSP00000345917	9606.ENSP00000007390	0	0	0	0	0.310	0	0	0.200	0.424
LYAR	ZNF593	9606.ENSP00000345917	9606.ENSP00000363384	0	0	0	0	0.488	0	0	0	0.488
LYAR	PWP1	9606.ENSP00000345917	9606.ENSP00000387365	0	0	0	0	0.423	0.118	0	0.129	0.518
LYAR	NOLC1	9606.ENSP00000345917	9606.ENSP00000385410	0	0	0	0	0.451	0.095	0	0.298	0.621
LYAR	RRP1	9606.ENSP00000345917	9606.ENSP00000417464	0	0	0	0	0.675	0	0	0.206	0.731
MAPK1	POLR2F	9606.ENSP00000215832	9606.ENSP00000385725	0	0	0	0	0.042	0	0	0.404	0.404
MAPK1	UBE3A	9606.ENSP00000215832	9606.ENSP00000497594	0	0	0	0	0.095	0.292	0	0.158	0.413
MAPK1	PKM	9606.ENSP00000215832	9606.ENSP00000320171	0	0	0	0	0.118	0.295	0	0.311	0.535
MAPK1	PAK2	9606.ENSP00000215832	9606.ENSP00000314067	0	0	0	0.636	0.121	0.128	0	0.448	0.540
MAPK1	PEBP1	9606.ENSP00000215832	9606.ENSP00000261313	0	0	0	0	0.064	0.292	0.400	0.268	0.670
MAPK1	MCL1	9606.ENSP00000215832	9606.ENSP00000358022	0	0	0	0	0.115	0.292	0	0.618	0.740
MAPK1	SLC9A1	9606.ENSP00000215832	9606.ENSP00000263980	0	0	0	0	0.049	0.091	0.900	0.195	0.921
MAPK1	SHC1	9606.ENSP00000215832	9606.ENSP00000401303	0	0	0	0	0.055	0.684	0.400	0.817	0.962
MARCKS	PEBP1	9606.ENSP00000478061	9606.ENSP00000261313	0	0	0	0	0	0.380	0	0.118	0.430
MBTD1	RUVBL1	9606.ENSP00000468304	9606.ENSP00000318297	0	0	0	0	0	0.721	0.900	0.226	0.976
MBTD1	MORF4L1	9606.ENSP00000468304	9606.ENSP00000331310	0	0	0	0	0.058	0.846	0.900	0.543	0.992
MBTD1	VPS72	9606.ENSP00000468304	9606.ENSP00000346464	0	0	0	0	0	0.292	0.720	0.200	0.827
MCL1	SERPINE1	9606.ENSP00000358022	9606.ENSP00000223095	0	0	0	0	0.152	0	0	0.373	0.446
MED15	THRAP3	9606.ENSP00000263205	9606.ENSP00000346634	0	0	0	0	0.108	0	0.500	0	0.534
MED15	POLR2F	9606.ENSP00000263205	9606.ENSP00000385725	0	0	0	0	0.043	0.842	0	0.065	0.847
MIF	SERPINE1	9606.ENSP00000215754	9606.ENSP00000223095	0	0	0	0	0	0	0	0.478	0.478
MIF	PEBP1	9606.ENSP00000215754	9606.ENSP00000261313	0	0	0	0	0.366	0.329	0	0.282	0.668
MIPEP	PAM16	9606.ENSP00000371607	9606.ENSP00000315693	0	0	0	0	0	0	0	0.528	0.528
MIPEP	TNFRSF19	9606.ENSP00000371607	9606.ENSP00000371693	0	0	0	0	0.075	0	0	0.703	0.713
MMP1	SERPINE1	9606.ENSP00000322788	9606.ENSP00000223095	0	0	0	0	0.208	0	0	0.726	0.773
MMP1	MMP10	9606.ENSP00000322788	9606.ENSP00000279441	0	0	0.067	0.946	0.562	0	0.500	0.090	0.789
MMP1	TGFA	9606.ENSP00000322788	9606.ENSP00000404131	0	0	0	0	0	0	0	0.418	0.418
MMP1	PLAUR	9606.ENSP00000322788	9606.ENSP00000339328	0	0	0	0	0.138	0	0	0.643	0.679
MMP10	SERPINE1	9606.ENSP00000279441	9606.ENSP00000223095	0	0	0	0	0.117	0	0	0.646	0.674
MMP10	PTBP1	9606.ENSP00000279441	9606.ENSP00000349428	0	0	0	0	0	0	0	0.467	0.467
MORF4L1	SRCAP	9606.ENSP00000331310	9606.ENSP00000262518	0	0	0	0	0.097	0.458	0	0.316	0.636
MORF4L1	RUVBL1	9606.ENSP00000331310	9606.ENSP00000318297	0	0	0	0	0.099	0.811	0.900	0.640	0.993
MORF4L1	PKM	9606.ENSP00000331310	9606.ENSP00000320171	0	0	0	0	0.067	0	0	0.562	0.573
MORF4L1	PTBP1	9606.ENSP00000331310	9606.ENSP00000349428	0	0	0	0	0.072	0	0	0.881	0.885
MORF4L1	VPS72	9606.ENSP00000331310	9606.ENSP00000346464	0	0	0	0	0.049	0.870	0.800	0.681	0.991
MRTFA	SMARCA4	9606.ENSP00000498671	9606.ENSP00000343896	0	0	0	0	0.053	0.292	0	0.648	0.743
MT2A	TAGLN2	9606.ENSP00000245185	9606.ENSP00000357076	0	0	0	0	0.083	0.055	0	0.494	0.523
MT2A	SLC30A1	9606.ENSP00000245185	9606.ENSP00000355968	0	0	0	0	0.044	0	0	0.620	0.622
MYEF2	PTBP1	9606.ENSP00000316950	9606.ENSP00000349428	0	0	0	0	0.055	0.050	0	0.450	0.463
MYEF2	SMARCA4	9606.ENSP00000316950	9606.ENSP00000343896	0	0	0	0	0.055	0.535	0	0.045	0.544
NDUFB2	UBL5	9606.ENSP00000419087	9606.ENSP00000351492	0	0	0	0	0.393	0	0	0.055	0.401
NDUFB2	NDUFS1	9606.ENSP00000419087	9606.ENSP00000392709	0	0	0	0	0.056	0.812	0.967	0.376	0.995
NOLC1	RUVBL1	9606.ENSP00000385410	9606.ENSP00000318297	0	0	0	0	0.210	0	0	0.510	0.596
NOLC1	TCOF1	9606.ENSP00000385410	9606.ENSP00000367028	0	0	0	0.557	0.105	0.599	0	0.624	0.853
NOLC1	RRP1	9606.ENSP00000385410	9606.ENSP00000417464	0	0	0	0	0.407	0	0	0.349	0.597
NOLC1	PWP1	9606.ENSP00000385410	9606.ENSP00000387365	0	0	0	0	0.577	0	0	0.123	0.614
NRG2	TGFA	9606.ENSP00000354910	9606.ENSP00000404131	0	0	0	0	0	0	0	0.506	0.506
NRG2	SHC1	9606.ENSP00000354910	9606.ENSP00000401303	0	0	0	0	0	0	0.400	0.245	0.527
NRIP1	RORA	9606.ENSP00000327213	9606.ENSP00000261523	0	0	0	0	0.054	0.900	0.800	0.206	0.982
NRIP1	XPR1	9606.ENSP00000327213	9606.ENSP00000356562	0	0	0	0	0	0	0	0.647	0.647
NUP37	NXT1	9606.ENSP00000448054	9606.ENSP00000254998	0	0	0	0	0.171	0	0.500	0.155	0.619
NUP37	NUP50	9606.ENSP00000448054	9606.ENSP00000345895	0	0	0	0	0.085	0	0.500	0.776	0.888
NUP37	RANBP1	9606.ENSP00000448054	9606.ENSP00000401564	0	0	0	0	0.209	0.238	0	0.247	0.507
NUP37	SUMO3	9606.ENSP00000448054	9606.ENSP00000409666	0	0	0	0	0.056	0.095	0.400	0.063	0.455
NUP50	NXT1	9606.ENSP00000345895	9606.ENSP00000254998	0	0	0	0	0	0	0.500	0.311	0.640
NUP50	SUMO3	9606.ENSP00000345895	9606.ENSP00000409666	0	0	0	0	0.074	0	0.400	0.095	0.453
NUP50	RANBP1	9606.ENSP00000345895	9606.ENSP00000401564	0	0	0	0	0.162	0.214	0	0.450	0.606
NUP50	RCC1	9606.ENSP00000345895	9606.ENSP00000497402	0	0	0	0	0.336	0	0	0.639	0.750
NXT1	RANBP1	9606.ENSP00000254998	9606.ENSP00000401564	0	0	0	0	0.128	0.125	0	0.616	0.681
OAT	PDXK	9606.ENSP00000357838	9606.ENSP00000291565	0.044	0	0	0	0.042	0.217	0	0.266	0.403
OAT	SRM	9606.ENSP00000357838	9606.ENSP00000366156	0	0	0	0	0	0	0	0.665	0.665
OAZ1	TUBB	9606.ENSP00000473381	9606.ENSP00000339001	0	0	0	0	0.072	0	0	0.392	0.411
OAZ1	SRM	9606.ENSP00000473381	9606.ENSP00000366156	0	0	0	0	0.067	0	0.172	0.370	0.471
PAF1	SIDT2	9606.ENSP00000221265	9606.ENSP00000314023	0	0	0	0	0.049	0.418	0	0	0.422
PAF1	RCC1	9606.ENSP00000221265	9606.ENSP00000497402	0	0	0	0	0.082	0	0	0.494	0.515
PAF1	POLR2F	9606.ENSP00000221265	9606.ENSP00000385725	0	0	0	0	0.066	0.937	0	0	0.939
PAK2	RHOQ	9606.ENSP00000314067	9606.ENSP00000238738	0	0	0	0	0.070	0.391	0.500	0.174	0.735
PAK2	TUBA1B	9606.ENSP00000314067	9606.ENSP00000336799	0	0.001	0	0	0.067	0	0.400	0.045	0.418
PAK2	TRIP10	9606.ENSP00000314067	9606.ENSP00000320117	0	0	0	0	0.042	0.125	0.400	0	0.453
PAK2	TPM4	9606.ENSP00000314067	9606.ENSP00000494125	0	0	0	0	0.083	0.096	0.400	0.049	0.463
PAK2	TPM3	9606.ENSP00000314067	9606.ENSP00000498577	0	0	0	0	0.095	0.096	0.400	0.049	0.470
PAK2	SHC1	9606.ENSP00000314067	9606.ENSP00000401303	0	0	0	0	0.056	0	0.500	0.145	0.561
PAK2	ROBO2	9606.ENSP00000314067	9606.ENSP00000417335	0	0	0	0	0.074	0.073	0.900	0.077	0.910
PANK1	PANK3	9606.ENSP00000302108	9606.ENSP00000239231	0	0	0.051	0.979	0.083	0	0.900	0.061	0.907
PDCD5	TUBA1B	9606.ENSP00000466214	9606.ENSP00000336799	0	0	0	0	0.102	0.378	0	0.108	0.458
PDCD5	PFDN2	9606.ENSP00000466214	9606.ENSP00000356989	0	0	0	0	0.453	0.085	0	0	0.478
PDCD5	SEC61G	9606.ENSP00000466214	9606.ENSP00000388337	0.231	0	0	0	0.258	0	0	0	0.405
PDCD5	RPL26L1	9606.ENSP00000466214	9606.ENSP00000428223	0	0	0	0	0.685	0	0	0	0.685
PDIA4	SEC61A1	9606.ENSP00000499129	9606.ENSP00000243253	0	0	0	0	0.457	0.045	0	0.433	0.681
PDIA4	SEC61A2	9606.ENSP00000499129	9606.ENSP00000298428	0	0	0	0	0.389	0.045	0	0.163	0.468
PDIA4	TUBB6	9606.ENSP00000499129	9606.ENSP00000318697	0	0	0	0	0.341	0.130	0	0.057	0.412
PDIA4	TUBB	9606.ENSP00000499129	9606.ENSP00000339001	0	0	0	0	0.354	0.159	0	0.106	0.472
PDIA4	PTBP1	9606.ENSP00000499129	9606.ENSP00000349428	0	0	0	0	0.102	0	0	0.378	0.417
PEBP1	PKM	9606.ENSP00000261313	9606.ENSP00000320171	0	0	0	0	0.080	0	0	0.629	0.644
PFDN2	RUVBL1	9606.ENSP00000356989	9606.ENSP00000318297	0	0	0	0	0.457	0.200	0.540	0.902	0.977
PFDN2	TUBB6	9606.ENSP00000356989	9606.ENSP00000318697	0	0	0	0	0.063	0.096	0.500	0.094	0.564
PFDN2	UBL5	9606.ENSP00000356989	9606.ENSP00000351492	0	0	0	0	0.175	0	0	0.438	0.517
PFDN2	S100A13	9606.ENSP00000356989	9606.ENSP00000392767	0	0	0	0	0.393	0	0	0.068	0.410
PFDN2	TUBA1C	9606.ENSP00000356989	9606.ENSP00000443475	0	0	0	0	0.177	0.143	0.500	0.118	0.647
PGRMC2	YKT6	9606.ENSP00000481886	9606.ENSP00000223369	0	0	0	0	0.049	0	0.400	0	0.405
PGRMC2	TMEM214	9606.ENSP00000481886	9606.ENSP00000238788	0	0	0	0	0.049	0	0	0.398	0.403
PIK3C2G	PIKFYVE	9606.ENSP00000445381	9606.ENSP00000264380	0	0	0	0	0.131	0	0.900	0.218	0.926
PIKFYVE	PIP4P2	9606.ENSP00000264380	9606.ENSP00000285419	0	0	0	0	0.049	0	0.900	0.245	0.921
PKM	TUBB	9606.ENSP00000320171	9606.ENSP00000339001	0	0	0	0	0.177	0.180	0	0.246	0.447
PKM	TUBA1B	9606.ENSP00000320171	9606.ENSP00000336799	0	0	0	0	0.161	0	0	0.369	0.448
PKM	TYMP	9606.ENSP00000320171	9606.ENSP00000379038	0	0	0	0	0.354	0	0	0.183	0.450
PKM	POLR2F	9606.ENSP00000320171	9606.ENSP00000385725	0.056	0	0	0	0.364	0	0	0.251	0.511
PKM	TPM4	9606.ENSP00000320171	9606.ENSP00000494125	0	0	0	0	0.145	0.095	0	0.474	0.557
PKM	RPL26L1	9606.ENSP00000320171	9606.ENSP00000428223	0.079	0	0	0	0.362	0.479	0	0.057	0.673
PKM	SMARCA4	9606.ENSP00000320171	9606.ENSP00000343896	0	0	0	0	0.068	0	0	0.790	0.796
PKM	PTBP1	9606.ENSP00000320171	9606.ENSP00000349428	0	0	0	0	0.068	0	0	0.877	0.880
PLAUR	SERPINE1	9606.ENSP00000339328	9606.ENSP00000223095	0	0	0	0	0.373	0	0.500	0.984	0.994
PLAUR	SLC7A5	9606.ENSP00000339328	9606.ENSP00000261622	0	0	0	0	0.103	0	0	0.421	0.458
PLAUR	TNFRSF12A	9606.ENSP00000339328	9606.ENSP00000326737	0	0	0	0	0.268	0	0	0.242	0.422
PLAUR	S100A10	9606.ENSP00000339328	9606.ENSP00000357801	0	0	0	0	0.083	0.191	0	0.349	0.474
PMM2	UPP1	9606.ENSP00000268261	9606.ENSP00000330032	0	0	0	0	0.042	0	0.452	0	0.452
PMM2	TYMP	9606.ENSP00000268261	9606.ENSP00000379038	0.050	0	0	0	0	0	0.788	0	0.789
POLG	USP30	9606.ENSP00000399851	9606.ENSP00000257548	0	0	0	0	0.074	0.292	0	0.191	0.423
POLG	TYMP	9606.ENSP00000399851	9606.ENSP00000379038	0	0	0	0	0	0	0	0.838	0.838
POLR2F	SIDT2	9606.ENSP00000385725	9606.ENSP00000314023	0	0	0	0	0	0.486	0	0.185	0.563
POLR2F	PTBP1	9606.ENSP00000385725	9606.ENSP00000349428	0	0	0	0	0.054	0	0.500	0.100	0.537
POLR2F	RPL26L1	9606.ENSP00000385725	9606.ENSP00000428223	0	0	0	0	0.702	0.401	0	0.160	0.837
PRPF4	UBL5	9606.ENSP00000363313	9606.ENSP00000351492	0	0	0	0	0.062	0.800	0.400	0.193	0.897
PRRC2C	THRAP3	9606.ENSP00000343629	9606.ENSP00000346634	0	0	0	0	0.435	0	0	0	0.435
PTBP1	RBM14	9606.ENSP00000349428	9606.ENSP00000311747	0	0	0	0	0.767	0	0	0.222	0.811
PTBP1	RUVBL1	9606.ENSP00000349428	9606.ENSP00000318297	0	0	0	0	0.431	0	0	0.095	0.463
PTBP1	TUBB	9606.ENSP00000349428	9606.ENSP00000339001	0	0	0	0	0.095	0	0	0.417	0.449
PVR	TNFRSF12A	9606.ENSP00000402060	9606.ENSP00000326737	0	0	0	0	0.221	0	0	0.488	0.584
PWP1	TRMT6	9606.ENSP00000387365	9606.ENSP00000203001	0	0	0	0	0.362	0.099	0	0	0.401
PWP1	RRP1	9606.ENSP00000387365	9606.ENSP00000417464	0	0	0	0	0.608	0	0	0.407	0.758
RAB31	WDFY3	9606.ENSP00000461945	9606.ENSP00000295888	0	0	0	0	0.083	0.050	0	0.378	0.411
RANBP1	XPO5	9606.ENSP00000401564	9606.ENSP00000265351	0	0	0	0	0.082	0.288	0	0.374	0.555
RANBP1	RUVBL1	9606.ENSP00000401564	9606.ENSP00000318297	0	0	0	0	0.342	0.086	0	0.153	0.446
RANBP1	SUMO3	9606.ENSP00000401564	9606.ENSP00000409666	0	0	0	0	0.094	0.298	0	0.166	0.423
RANBP1	RCC1	9606.ENSP00000401564	9606.ENSP00000497402	0	0	0	0	0.297	0.845	0	0.911	0.989
RBM14	XPO5	9606.ENSP00000311747	9606.ENSP00000265351	0	0	0	0	0.110	0	0	0.402	0.445
RBM14	RUVBL1	9606.ENSP00000311747	9606.ENSP00000318297	0	0	0	0	0.418	0	0	0	0.418
RBM14	THRAP3	9606.ENSP00000311747	9606.ENSP00000346634	0	0	0	0	0.107	0.222	0	0.272	0.450
RBM14	XRCC6	9606.ENSP00000311747	9606.ENSP00000352257	0	0	0	0	0.213	0	0	0.470	0.565
RBM14	SMARCA4	9606.ENSP00000311747	9606.ENSP00000343896	0	0	0	0	0.103	0	0	0.697	0.716
RCC1	XPO5	9606.ENSP00000497402	9606.ENSP00000265351	0	0	0	0	0.180	0.098	0	0.547	0.636
RCC1	RSPO1	9606.ENSP00000497402	9606.ENSP00000348944	0	0	0	0	0.070	0.147	0	0.354	0.443
RCC1	XRCC6	9606.ENSP00000497402	9606.ENSP00000352257	0	0	0	0	0.127	0	0	0.403	0.457
RCC1	UBE3A	9606.ENSP00000497402	9606.ENSP00000497594	0	0	0	0	0.049	0	0	0.399	0.404
RGS5	SNX13	9606.ENSP00000433001	9606.ENSP00000398789	0	0	0	0	0	0	0	0.471	0.471
RHOQ	TRIP10	9606.ENSP00000238738	9606.ENSP00000320117	0	0	0	0	0	0.367	0.900	0.658	0.976
RHOT1	USP30	9606.ENSP00000351132	9606.ENSP00000257548	0	0	0	0	0.067	0	0.500	0.578	0.786
ROBO2	SRGAP1	9606.ENSP00000417335	9606.ENSP00000347198	0	0	0	0	0	0.049	0.900	0.652	0.964
RPL26L1	SEC61A1	9606.ENSP00000428223	9606.ENSP00000243253	0.102	0	0	0	0.664	0.910	0	0.239	0.976
RPL26L1	SEC61A2	9606.ENSP00000428223	9606.ENSP00000298428	0.102	0	0	0	0.660	0.573	0	0.239	0.887
RPL26L1	ZNF593	9606.ENSP00000428223	9606.ENSP00000363384	0	0	0	0	0.172	0.419	0	0	0.498
RPL26L1	RRBP1	9606.ENSP00000428223	9606.ENSP00000367038	0	0	0	0	0	0.052	0	0.535	0.540
RPL26L1	SEC61G	9606.ENSP00000428223	9606.ENSP00000388337	0	0	0	0	0.199	0.947	0	0.132	0.960
RPL26L1	RRP1	9606.ENSP00000428223	9606.ENSP00000417464	0	0	0	0	0.080	0.545	0	0.065	0.574
RRBP1	SEC61A1	9606.ENSP00000367038	9606.ENSP00000243253	0	0	0	0	0.307	0.058	0	0.213	0.442
RRBP1	SEC61G	9606.ENSP00000367038	9606.ENSP00000388337	0	0	0	0	0	0.046	0	0.421	0.424
RRBP1	SHC1	9606.ENSP00000367038	9606.ENSP00000401303	0	0	0	0	0.100	0	0.500	0	0.530
RRBP1	TPM3	9606.ENSP00000367038	9606.ENSP00000498577	0	0	0	0	0	0.045	0.500	0.305	0.639
RRBP1	TPM4	9606.ENSP00000367038	9606.ENSP00000494125	0	0	0	0	0.078	0.045	0.500	0.318	0.660
RRP1	ZNF593	9606.ENSP00000417464	9606.ENSP00000363384	0	0	0	0	0.552	0	0	0.091	0.575
RRP1	TCOF1	9606.ENSP00000417464	9606.ENSP00000367028	0	0	0	0	0.213	0	0	0.296	0.422
RSPO1	SDC4	9606.ENSP00000348944	9606.ENSP00000361818	0	0	0	0	0	0	0	0.497	0.497
RTN1	SEC61A1	9606.ENSP00000267484	9606.ENSP00000243253	0	0	0	0	0.105	0	0	0.439	0.476
RUVBL1	SRCAP	9606.ENSP00000318297	9606.ENSP00000262518	0	0	0	0	0.055	0.996	0.540	0.784	0.999
RUVBL1	SMARCB1	9606.ENSP00000318297	9606.ENSP00000340883	0	0	0	0	0.216	0	0	0.268	0.402
RUVBL1	XRCC6	9606.ENSP00000318297	9606.ENSP00000352257	0	0	0	0	0.122	0	0	0.473	0.517
RUVBL1	SMARCA4	9606.ENSP00000318297	9606.ENSP00000343896	0	0	0	0	0.109	0.113	0	0.663	0.711
RUVBL1	VPS72	9606.ENSP00000318297	9606.ENSP00000346464	0	0	0	0	0.084	0.965	0.800	0.944	0.999
S100A10	S100A11	9606.ENSP00000357801	9606.ENSP00000271638	0	0	0	0.882	0.495	0.048	0	0.457	0.716
S100A10	TAGLN2	9606.ENSP00000357801	9606.ENSP00000357076	0	0	0	0	0.196	0	0	0.307	0.419
S100A10	S100A6	9606.ENSP00000357801	9606.ENSP00000357709	0	0	0	0	0.634	0.048	0	0.926	0.972
S100A10	VAMP2	9606.ENSP00000357801	9606.ENSP00000418572	0	0	0	0	0	0	0	0.494	0.493
S100A10	S100A13	9606.ENSP00000357801	9606.ENSP00000392767	0	0	0	0	0.127	0	0	0.684	0.712
S100A11	TMSB10	9606.ENSP00000271638	9606.ENSP00000233143	0	0	0	0	0.233	0.051	0	0.258	0.413
S100A11	TAGLN2	9606.ENSP00000271638	9606.ENSP00000357076	0	0	0	0	0.269	0.125	0	0.312	0.521
S100A11	S100A6	9606.ENSP00000271638	9606.ENSP00000357709	0	0	0	0.830	0.510	0	0	0.424	0.706
S100A13	S100A6	9606.ENSP00000392767	9606.ENSP00000357709	0	0	0	0	0.172	0	0	0.717	0.755
S100A6	TMSB10	9606.ENSP00000357709	9606.ENSP00000233143	0	0	0	0	0.210	0.051	0	0.843	0.872
S100A6	TUBB	9606.ENSP00000357709	9606.ENSP00000339001	0	0	0	0	0.055	0.128	0	0.368	0.434
SDC4	TGFBR3	9606.ENSP00000361818	9606.ENSP00000212355	0	0	0	0	0	0.240	0	0.394	0.519
SDC4	TPM3	9606.ENSP00000361818	9606.ENSP00000498577	0	0	0	0	0	0	0	0.507	0.507
SEC61A1	TMEM214	9606.ENSP00000243253	9606.ENSP00000238788	0	0	0	0	0.456	0	0	0.609	0.778
SEC61A1	SEC61A2	9606.ENSP00000243253	9606.ENSP00000298428	0	0	0.047	0.986	0	0	0.900	0.048	0.901
SEC61A1	SEC61G	9606.ENSP00000243253	9606.ENSP00000388337	0	0	0	0	0.086	0.987	0.900	0.970	0.999
SEC61A2	SEC61G	9606.ENSP00000298428	9606.ENSP00000388337	0	0	0	0	0.073	0.840	0.900	0.642	0.993
SEC61G	TMEM214	9606.ENSP00000388337	9606.ENSP00000238788	0	0	0	0	0.056	0	0	0.684	0.688
SEC61G	VAMP2	9606.ENSP00000388337	9606.ENSP00000418572	0	0	0	0	0.047	0	0.500	0	0.503
SERPINA12	SERPINB12	9606.ENSP00000342109	9606.ENSP00000372218	0	0	0.172	0.735	0.331	0.058	0	0.112	0.475
SERPINB1	TES	9606.ENSP00000370115	9606.ENSP00000350937	0	0	0	0	0.072	0.618	0	0.060	0.637
SERPINE1	TGFA	9606.ENSP00000223095	9606.ENSP00000404131	0	0	0	0	0.042	0	0	0.417	0.417
SERPINE1	TNFRSF12A	9606.ENSP00000223095	9606.ENSP00000326737	0	0	0	0	0.336	0	0	0.235	0.470
SERPINE1	XPR1	9606.ENSP00000223095	9606.ENSP00000356562	0	0	0	0	0	0	0	0.504	0.504
SERTAD4	SLC30A1	9606.ENSP00000355979	9606.ENSP00000355968	0	0	0	0	0.049	0	0	0.424	0.429
SHC1	TPM4	9606.ENSP00000401303	9606.ENSP00000494125	0	0	0	0	0.154	0	0.500	0	0.559
SHC1	TPM3	9606.ENSP00000401303	9606.ENSP00000498577	0	0	0	0	0.110	0	0.500	0.120	0.574
SHC1	TGFA	9606.ENSP00000401303	9606.ENSP00000404131	0	0	0	0	0	0	0.400	0.418	0.635
SLC16A10	SLC7A5	9606.ENSP00000357844	9606.ENSP00000261622	0	0	0	0	0.042	0	0	0.578	0.579
SLC30A1	TMEM144	9606.ENSP00000355968	9606.ENSP00000296529	0	0	0	0	0.061	0	0	0.418	0.430
SLC7A5	YKT6	9606.ENSP00000261622	9606.ENSP00000223369	0	0	0	0	0.087	0	0	0.514	0.537
SMARCA4	YWHAH	9606.ENSP00000343896	9606.ENSP00000248975	0	0	0	0	0.047	0.053	0	0.454	0.464
SMARCA4	SRCAP	9606.ENSP00000343896	9606.ENSP00000262518	0	0	0.152	0.587	0.101	0.113	0	0.559	0.662
SMARCA4	TCF3	9606.ENSP00000343896	9606.ENSP00000262965	0	0	0	0	0.128	0.095	0	0.310	0.407
SMARCA4	SMARCE1	9606.ENSP00000343896	9606.ENSP00000323967	0	0	0	0	0.131	0.999	0.900	0.998	0.999
SMARCA4	SMARCB1	9606.ENSP00000343896	9606.ENSP00000340883	0	0	0	0	0.168	0.999	0.900	0.999	0.999
SMARCA4	XRCC6	9606.ENSP00000343896	9606.ENSP00000352257	0	0	0	0	0.098	0	0	0.395	0.431
SMARCA4	THRAP3	9606.ENSP00000343896	9606.ENSP00000346634	0	0	0	0	0.156	0.071	0	0.430	0.514
SMARCB1	SRCAP	9606.ENSP00000340883	9606.ENSP00000262518	0	0	0	0	0.083	0.126	0	0.348	0.432
SMARCB1	SMARCE1	9606.ENSP00000340883	9606.ENSP00000323967	0	0	0	0	0.182	0.984	0.900	0.998	0.999
SMARCE1	TSN	9606.ENSP00000323967	9606.ENSP00000374332	0	0	0	0	0.489	0	0	0.066	0.502
SMARCE1	ZMIZ1	9606.ENSP00000323967	9606.ENSP00000334474	0	0	0	0	0.082	0	0	0.520	0.540
SNX13	SNX17	9606.ENSP00000398789	9606.ENSP00000233575	0	0	0	0	0	0	0	0.609	0.609
SNX17	VPS26C	9606.ENSP00000233575	9606.ENSP00000311399	0	0	0	0	0.118	0	0	0.755	0.775
SPATA18	SPATA6	9606.ENSP00000295213	9606.ENSP00000360913	0	0	0	0	0.067	0	0	0.563	0.575
SRCAP	VPS72	9606.ENSP00000262518	9606.ENSP00000346464	0	0	0	0	0.042	0.932	0	0.960	0.997
SRGAP1	TRIP10	9606.ENSP00000347198	9606.ENSP00000320117	0	0	0	0	0.044	0	0	0.621	0.623
STX17	YKT6	9606.ENSP00000259400	9606.ENSP00000223369	0	0	0	0	0.120	0.510	0.540	0.913	0.980
STX17	TGFA	9606.ENSP00000259400	9606.ENSP00000404131	0	0	0	0	0	0	0.500	0	0.499
STX17	VAMP2	9606.ENSP00000259400	9606.ENSP00000418572	0	0	0	0	0.056	0.272	0.900	0.276	0.943
SUMO3	ZMIZ1	9606.ENSP00000409666	9606.ENSP00000334474	0	0	0	0	0.056	0.359	0	0.138	0.432
TAGLN2	TMBIM4	9606.ENSP00000357076	9606.ENSP00000286424	0	0	0	0	0.049	0	0	0.426	0.430
TAGLN2	TUBA1B	9606.ENSP00000357076	9606.ENSP00000336799	0	0	0	0	0.067	0.274	0	0.228	0.432
TAGLN2	TUBB	9606.ENSP00000357076	9606.ENSP00000339001	0	0	0	0	0.114	0.257	0	0.219	0.441
TAGLN2	TUBA1C	9606.ENSP00000357076	9606.ENSP00000443475	0	0	0	0	0.174	0.274	0	0.236	0.502
TAGLN2	TPM4	9606.ENSP00000357076	9606.ENSP00000494125	0	0	0	0	0.218	0	0	0.488	0.583
TANK	TICAM1	9606.ENSP00000259075	9606.ENSP00000248244	0	0	0	0	0.044	0.421	0.500	0.428	0.820
TCP11L2	TUBA1C	9606.ENSP00000299045	9606.ENSP00000443475	0	0	0	0	0	0.710	0	0	0.710
TCP11L2	TUBA1B	9606.ENSP00000299045	9606.ENSP00000336799	0	0	0	0	0	0.753	0	0	0.753
TGFA	YKT6	9606.ENSP00000404131	9606.ENSP00000223369	0	0	0	0	0	0	0.500	0	0.499
TGFA	TYMP	9606.ENSP00000404131	9606.ENSP00000379038	0	0	0	0	0	0	0	0.530	0.530
TGFA	VAMP2	9606.ENSP00000404131	9606.ENSP00000418572	0	0	0	0	0	0	0.500	0.069	0.514
TNRC6A	XPO5	9606.ENSP00000379144	9606.ENSP00000265351	0	0	0	0	0	0	0.900	0.643	0.962
TPM3	TPM4	9606.ENSP00000498577	9606.ENSP00000494125	0	0	0.051	0.978	0.067	0.705	0.720	0.378	0.946
TUBA1B	YWHAH	9606.ENSP00000336799	9606.ENSP00000248975	0	0	0	0	0.214	0.071	0	0.282	0.430
TUBA1B	TUBB6	9606.ENSP00000336799	9606.ENSP00000318697	0	0	0.069	0.917	0.335	0.599	0.650	0.862	0.985
TUBA1B	TUBA1C	9606.ENSP00000336799	9606.ENSP00000443475	0	0	0.047	0.987	0.770	0.785	0.400	0.545	0.984
TUBA1B	TUBB	9606.ENSP00000336799	9606.ENSP00000339001	0	0	0.068	0.918	0.833	0.981	0.650	0.915	0.999
TUBA1C	TUBB6	9606.ENSP00000443475	9606.ENSP00000318697	0	0	0.070	0.915	0.389	0.581	0.650	0.809	0.981
TUBA1C	TUBB	9606.ENSP00000443475	9606.ENSP00000339001	0	0	0.068	0.917	0.601	0.714	0.650	0.885	0.994
TYMP	UPP1	9606.ENSP00000379038	9606.ENSP00000330032	0.102	0	0	0	0.385	0	0.978	0.962	0.999
UBA5	UBE2H	9606.ENSP00000348565	9606.ENSP00000347836	0	0	0	0	0.049	0.103	0.500	0.100	0.564
UBE2H	UBE3A	9606.ENSP00000347836	9606.ENSP00000497594	0	0	0	0	0.060	0	0	0.558	0.566
UBL3	UBL5	9606.ENSP00000370055	9606.ENSP00000351492	0	0	0	0	0.042	0	0	0.928	0.929
VAMP2	YKT6	9606.ENSP00000418572	9606.ENSP00000223369	0	0	0	0	0	0.146	0.540	0.590	0.825
VPS37B	VPS37C	9606.ENSP00000267202	9606.ENSP00000301765	0	0	0	0.799	0.044	0	0.900	0.224	0.919
