#node1,node2,node1_string_id,node2_string_id,homology,experimentally_determined_interaction,database_annotated,automated_textmining,combined_score,,
ACACB,RGS1,9606.ENSP00000341044,9606.ENSP00000356429,0,423,0,0,422,,
ACTR2,GPRC5A,9606.ENSP00000367220,9606.ENSP00000014914,0,422,0,0,422,,
ACTR2,DSG2,9606.ENSP00000367220,9606.ENSP00000261590,0,418,0,0,418,,
ACTR2,CYBRD1,9606.ENSP00000367220,9606.ENSP00000319141,0,421,0,0,420,,
ACTR2,MYO6,9606.ENSP00000367220,9606.ENSP00000358994,0,423,0,0,423,,
ACTR2,ARPC4-TTLL3,9606.ENSP00000367220,9606.ENSP00000380427,0,634,360,0,755,,
ACTR2,CFL1,9606.ENSP00000367220,9606.ENSP00000432660,0,443,0,0,443,,
ACVR1C,INHBA,9606.ENSP00000243349,9606.ENSP00000242208,0,46,500,0,502,,
ADH1B,ADH1C,9606.ENSP00000306606,9606.ENSP00000426083,0,484,900,0,946,,
ADM,GNB1,9606.ENSP00000436607,9606.ENSP00000367872,0,800,0,0,800,,
AGR2,YWHAE,9606.ENSP00000391490,9606.ENSP00000264335,0,457,0,0,457,,
AGR2,S100P,9606.ENSP00000391490,9606.ENSP00000296370,0,420,0,0,420,,
AGR2,P4HB,9606.ENSP00000391490,9606.ENSP00000327801,0,457,0,0,457,,
AGR2,MCCC2,9606.ENSP00000391490,9606.ENSP00000343657,0,457,0,0,457,,ABAT
AGR2,TAGLN2,9606.ENSP00000391490,9606.ENSP00000357076,0,457,0,0,457,,ABCA8
AGR2,HSP90AB1,9606.ENSP00000391490,9606.ENSP00000360609,0,457,0,0,457,,ABHD17C
AGR2,PGK1,9606.ENSP00000391490,9606.ENSP00000362413,0,457,0,0,457,,ABHD2
AGR2,AKR1C3,9606.ENSP00000391490,9606.ENSP00000369927,0,420,0,0,420,,ACACB
AGR2,AKR1C1,9606.ENSP00000391490,9606.ENSP00000370254,0,420,0,0,420,,ACACB
AGR2,YWHAZ,9606.ENSP00000391490,9606.ENSP00000379287,0,457,0,0,457,,ACACB
AGR2,RAB1A,9606.ENSP00000391490,9606.ENSP00000387286,0,457,0,0,457,,ACLY
AGR2,ENO1,9606.ENSP00000391490,9606.ENSP00000495530,0,457,0,0,457,,ACSM5
AGTRAP,ESRP1,9606.ENSP00000319713,9606.ENSP00000405738,0,0,500,0,499,,ACTR2
AKR1C1,AKR1C3,9606.ENSP00000370254,9606.ENSP00000369927,0,711,0,0,711,,ACVR1C
ALYREF,FYTTD1,9606.ENSP00000421592,9606.ENSP00000241502,0,292,400,0,557,,ACVR1C
ALYREF,SRSF1,9606.ENSP00000421592,9606.ENSP00000258962,0,616,0,0,616,,ADAM12
ALYREF,PRPF4B,9606.ENSP00000421592,9606.ENSP00000337194,0,193,800,0,831,,ADAM12
ALYREF,DDX3X,9606.ENSP00000421592,9606.ENSP00000494040,0,631,0,0,631,,ADAMTS5
ANGPTL4,ITGB1,9606.ENSP00000301455,9606.ENSP00000379350,0,405,0,0,404,,ADAMTS5
AOC3,MAOA,9606.ENSP00000312326,9606.ENSP00000340684,0,0,900,0,900,,ADAMTS5
AP2B1,M6PR,9606.ENSP00000483185,9606.ENSP00000000412,0,0,500,0,499,,ADAMTS9-AS2
AP2B1,CD74,9606.ENSP00000483185,9606.ENSP00000009530,0,0,500,0,499,,ADH1B
AP2B1,MAPK1,9606.ENSP00000483185,9606.ENSP00000215832,0,0,500,0,499,,ADH1B
AP2B1,SCARB2,9606.ENSP00000483185,9606.ENSP00000264896,0,0,500,0,499,,ADH1B
AP2B1,SH3GL3,9606.ENSP00000483185,9606.ENSP00000320092,0,0,500,0,499,,ADH1C
AP2B1,HIP1,9606.ENSP00000483185,9606.ENSP00000336747,0,129,800,0,818,,ADIPOQ
AP2B1,MYO6,9606.ENSP00000483185,9606.ENSP00000358994,0,457,0,0,457,,ADM
AP2B1,PICALM,9606.ENSP00000483185,9606.ENSP00000377015,0,529,720,0,862,,AGR2
AP2B1,NCALD,9606.ENSP00000483185,9606.ENSP00000379256,0,0,900,0,900,,AGR3
AP2B1,TF,9606.ENSP00000483185,9606.ENSP00000385834,0,0,500,0,499,,AGTRAP
AP2B1,TFAP2A,9606.ENSP00000483185,9606.ENSP00000501092,0,457,0,0,457,,AIDA
APPL1,RAB5A,9606.ENSP00000288266,9606.ENSP00000273047,0,549,0,0,549,,AIF1L
APPL1,TRAPPC11,9606.ENSP00000288266,9606.ENSP00000335371,0,420,0,0,420,,AKIRIN1
APPL1,APPL2,9606.ENSP00000288266,9606.ENSP00000446917,0,962,0,0,962,,AKR1C1
APPL2,RAB5A,9606.ENSP00000446917,9606.ENSP00000273047,0,457,0,0,457,,AKR1C1
AR,FKBP4,9606.ENSP00000363822,9606.ENSP00000001008,0,329,800,0,860,,AKR1C3
AR,RANBP9,9606.ENSP00000363822,9606.ENSP00000011619,0,457,0,0,457,,ALDH18A1
AR,FOXA1,9606.ENSP00000363822,9606.ENSP00000250448,0,457,0,0,457,,ALDOC
AR,H2BC5,9606.ENSP00000363822,9606.ENSP00000289316,0,0,500,0,499,,ALG13
AR,PRKDC,9606.ENSP00000363822,9606.ENSP00000313420,0,457,0,0,457,,ALOX5AP
AR,SIAH2,9606.ENSP00000363822,9606.ENSP00000322457,0,457,0,0,457,,ALYREF
AR,PGR,9606.ENSP00000363822,9606.ENSP00000325120,0,0,500,0,499,,ANAPC5
AR,H2BC21,9606.ENSP00000363822,9606.ENSP00000358151,0,0,500,0,499,,ANGPTL4
AR,RUNX2,9606.ENSP00000363822,9606.ENSP00000360493,0,0,700,0,700,,ANKRD20A12P///ANKRD20A8P///ANKRD20A4///ANKRD20A2///ANKRD20A3///ANKRD20A5P///ANKRD20A1
AR,HSP90AB1,9606.ENSP00000363822,9606.ENSP00000360609,0,462,800,0,887,,ANKRD20A4///ANKRD20A2///ANKRD20A3///ANKRD20A1
AR,H2BC9,9606.ENSP00000363822,9606.ENSP00000479169,0,0,500,0,499,,ANKRD30A
AR,H2BS1,9606.ENSP00000363822,9606.ENSP00000481622,0,0,500,0,499,,ANKRD35
ARF4,TMED2,9606.ENSP00000306010,9606.ENSP00000262225,0,0,500,0,499,,ANP32E
ARF4,KDELR1,9606.ENSP00000306010,9606.ENSP00000329471,0,0,500,0,499,,ANXA9
ARF4,KDELR3,9606.ENSP00000306010,9606.ENSP00000386918,0,0,500,0,499,,ANXA9
ARF4,RAB1A,9606.ENSP00000306010,9606.ENSP00000387286,0,0,500,0,499,,AOC3
ARFGEF1,PRKAR1A,9606.ENSP00000262215,9606.ENSP00000376475,0,457,0,0,457,,AP2B1
ARFGEF1,ARFGEF2,9606.ENSP00000262215,9606.ENSP00000360985,0,589,0,0,589,,APPL1
ARFGEF2,CCT2,9606.ENSP00000360985,9606.ENSP00000299300,0,0,500,0,499,,APPL2
ARFGEF2,PRKAR1A,9606.ENSP00000360985,9606.ENSP00000376475,0,457,0,0,457,,AR
ARHGAP32,RHOA,9606.ENSP00000310561,9606.ENSP00000400175,0,457,0,0,457,,ARF4
ARHGDIB,RHOH,9606.ENSP00000228945,9606.ENSP00000371219,0,415,500,0,695,,ARFGEF1
ARHGDIB,RHOA,9606.ENSP00000228945,9606.ENSP00000400175,0,400,700,0,812,,ARFGEF1
ARIH1,UBE2N,9606.ENSP00000369217,9606.ENSP00000316176,0,457,0,0,457,,ARFGEF2
ASCC1,MSH6,9606.ENSP00000339404,9606.ENSP00000234420,0,0,540,0,540,,ARHGAP32
ASCC1,PRKDC,9606.ENSP00000339404,9606.ENSP00000313420,0,0,540,0,540,,ARHGDIB
ASPN,TGFB1,9606.ENSP00000364694,9606.ENSP00000221930,0,0,500,0,499,,ARIH1
ATAD2,ESR1,9606.ENSP00000287394,9606.ENSP00000405330,0,318,900,0,928,,ARPC4-TTLL3///ARPC4
ATG5,TRIM4,9606.ENSP00000358072,9606.ENSP00000348216,0,0,500,0,499,,ASAH1
ATP1A2,ATP6V1A,9606.ENSP00000354490,9606.ENSP00000273398,0,422,0,0,422,,ASCC1
ATP1A2,FXYD1,9606.ENSP00000354490,9606.ENSP00000481244,0,0,900,0,900,,ASPN
ATP6AP2,ATP6V1A,9606.ENSP00000490083,9606.ENSP00000273398,0,944,720,0,983,,ASPN
ATP6AP2,ATP6V1C1,9606.ENSP00000490083,9606.ENSP00000430282,0,947,720,0,984,,ATAD2
ATP6V1A,ATP6V1C1,9606.ENSP00000273398,9606.ENSP00000430282,0,949,720,0,985,,ATG5
ATP8B1,TMEM30A,9606.ENSP00000497896,9606.ENSP00000230461,0,960,900,0,995,,ATP1A2
BCL11A,UBXN4,9606.ENSP00000496168,9606.ENSP00000272638,0,591,0,0,591,,ATP6AP2
BCL11A,EML4,9606.ENSP00000496168,9606.ENSP00000320663,0,0,400,0,400,,ATP6V1A
BCL11A,HIP1,9606.ENSP00000496168,9606.ENSP00000336747,0,0,400,0,400,,ATP6V1C1
BCL11A,FN1,9606.ENSP00000496168,9606.ENSP00000346839,0,0,400,0,400,,ATP7B
BCL11A,PRKAR1A,9606.ENSP00000496168,9606.ENSP00000376475,0,0,400,0,400,,ATP8B1
BCL11A,TPM4,9606.ENSP00000496168,9606.ENSP00000494125,0,0,500,0,499,,B3GNT2
BGN,TGFB1,9606.ENSP00000327336,9606.ENSP00000221930,0,292,500,0,630,,BBOX1
BMPR1B,TF,9606.ENSP00000401907,9606.ENSP00000385834,0,0,540,0,540,,BCL11A
CA12,CA4,9606.ENSP00000178638,9606.ENSP00000300900,0,0,500,0,499,,BGN
CALD1,TPM4,9606.ENSP00000354826,9606.ENSP00000494125,0,0,500,0,499,,BHLHE40
CALD1,SORBS1,9606.ENSP00000354826,9606.ENSP00000360293,0,0,500,0,499,,BHLHE40
CALD1,MYH11,9606.ENSP00000354826,9606.ENSP00000379616,0,0,800,0,800,,BMPR1B
CALD1,LMOD1,9606.ENSP00000354826,9606.ENSP00000356257,0,195,800,0,832,,BMPR1B
CALU,TMED2,9606.ENSP00000438248,9606.ENSP00000262225,0,479,0,0,479,,BTNL9
CALU,DNAJC10,9606.ENSP00000438248,9606.ENSP00000264065,0,520,0,0,520,,BTNL9
CALU,P4HB,9606.ENSP00000438248,9606.ENSP00000327801,0,611,0,0,611,,BTNL9
CALU,TPD52,9606.ENSP00000438248,9606.ENSP00000429309,0,421,0,0,420,,C14orf1
CALU,DNAJC3,9606.ENSP00000438248,9606.ENSP00000473631,0,443,0,0,443,,C15orf48
CARMIL1,MYO6,9606.ENSP00000331983,9606.ENSP00000358994,0,0,540,0,540,,C16orf72
CARMIL1,PDLIM5,9606.ENSP00000331983,9606.ENSP00000480359,0,0,540,0,540,,C1orf43
CCL28,CXCL10,9606.ENSP00000354416,9606.ENSP00000305651,0,734,0,0,734,,C1S
CCL28,CXCR4,9606.ENSP00000354416,9606.ENSP00000386884,0,0,650,0,650,,C2orf40
CCL28,CXCL2,9606.ENSP00000354416,9606.ENSP00000427279,0,734,0,0,734,,C3orf38
CCL28,CXCL9,9606.ENSP00000354416,9606.ENSP00000354901,0,734,0,0,734,,C4B_2///C4B///C4A
CCN1,ZWINT,9606.ENSP00000398736,9606.ENSP00000363055,0,724,0,0,724,,C8orf44-SGK3///SGK3
CCNG2,PPP2R5C,9606.ENSP00000315743,9606.ENSP00000412324,0,457,0,0,457,,CA12
CCT2,XRN2,9606.ENSP00000299300,9606.ENSP00000366396,0,0,500,0,499,,CA12
CCT2,SPAG1,9606.ENSP00000299300,9606.ENSP00000373450,0,0,540,0,540,,CA4
CCT2,GNB1,9606.ENSP00000299300,9606.ENSP00000367872,0,229,500,0,598,,CACNA1D
CCT2,HSP90AB1,9606.ENSP00000299300,9606.ENSP00000360609,0,292,720,0,793,,CACNA1D
CCT2,STIP1,9606.ENSP00000299300,9606.ENSP00000351646,0,0,900,0,900,,CALD1
CD74,EIF2S3,9606.ENSP00000009530,9606.ENSP00000253039,0,448,0,0,448,,CALU
CD74,SAR1B,9606.ENSP00000009530,9606.ENSP00000385432,0,0,500,0,499,,CAPN7
CDC5L,SRSF1,9606.ENSP00000360532,9606.ENSP00000258962,0,907,0,0,907,,CARMIL1
CDC5L,PRKDC,9606.ENSP00000360532,9606.ENSP00000313420,0,427,0,0,426,,CASD1
CDC5L,DHX15,9606.ENSP00000360532,9606.ENSP00000336741,0,953,0,0,953,,CASZ1
CDC5L,SPTBN1,9606.ENSP00000360532,9606.ENSP00000349259,0,409,0,0,408,,CCDC3
CDC5L,TOP2A,9606.ENSP00000360532,9606.ENSP00000411532,0,459,0,0,459,,CCDC69
CDC5L,LSM4,9606.ENSP00000360532,9606.ENSP00000469468,0,800,0,0,800,,CCL15-CCL14///CCL14
CDH11,CTNNA1,9606.ENSP00000268603,9606.ENSP00000304669,0,42,540,0,540,,CCL28
CFL1,UBE2M,9606.ENSP00000432660,9606.ENSP00000253023,0,457,0,0,457,,CCL28
CFL1,TWF1,9606.ENSP00000432660,9606.ENSP00000449428,0,518,0,0,518,,CCL3L3///CCL3L1///CCL3
CIDEA,CIDEC,9606.ENSP00000320209,9606.ENSP00000373328,0,292,900,0,926,,CCNG2
CITED2,TFAP2A,9606.ENSP00000444198,9606.ENSP00000501092,0,457,700,0,830,,CCT2
CLDN3,CLDN8,9606.ENSP00000378577,9606.ENSP00000382783,0,0,650,0,650,,CD24
CLDND1,GOLGA7,9606.ENSP00000377735,9606.ENSP00000350378,0,646,0,0,646,,CD300LG
COL10A1,COL8A1,9606.ENSP00000327368,9606.ENSP00000261037,0,0,540,0,540,,CD36
COL10A1,CRTAP,9606.ENSP00000327368,9606.ENSP00000323696,0,163,500,0,563,,CD36
COL10A1,COL12A1,9606.ENSP00000327368,9606.ENSP00000325146,0,164,400,0,476,,CD36
COL10A1,COL8A2,9606.ENSP00000327368,9606.ENSP00000380901,0,0,400,0,400,,CD36
COL10A1,P4HB,9606.ENSP00000327368,9606.ENSP00000327801,0,363,500,0,667,,CD46
COL11A1,COL1A1,9606.ENSP00000359114,9606.ENSP00000225964,0,0,720,0,720,,CD46
COL11A1,COL1A2,9606.ENSP00000359114,9606.ENSP00000297268,0,0,900,0,900,,CD74
COL11A1,COL3A1,9606.ENSP00000359114,9606.ENSP00000304408,0,0,720,0,720,,CDC42SE1
COL11A1,CRTAP,9606.ENSP00000359114,9606.ENSP00000323696,0,0,500,0,499,,CDC5L
COL11A1,P4HB,9606.ENSP00000359114,9606.ENSP00000327801,0,0,500,0,499,,CDH11
COL11A1,COL5A1,9606.ENSP00000359114,9606.ENSP00000360882,0,0,720,0,720,,CDH11
COL11A1,COL5A2,9606.ENSP00000359114,9606.ENSP00000364000,0,0,720,0,720,,CDH11
COL12A1,COL8A1,9606.ENSP00000325146,9606.ENSP00000261037,0,0,400,0,400,,CDO1
COL12A1,CRTAP,9606.ENSP00000325146,9606.ENSP00000323696,0,0,500,0,499,,CELSR1
COL12A1,P4HB,9606.ENSP00000325146,9606.ENSP00000327801,0,0,500,0,499,,CENPU
COL12A1,COL8A2,9606.ENSP00000325146,9606.ENSP00000380901,0,206,400,0,503,,CFD
COL1A1,P4HB,9606.ENSP00000225964,9606.ENSP00000327801,0,292,500,0,630,,CFL1
COL1A1,CRTAP,9606.ENSP00000225964,9606.ENSP00000323696,0,292,500,0,630,,CGGBP1
COL1A1,FN1,9606.ENSP00000225964,9606.ENSP00000346839,0,483,0,0,483,,CHRDL1
COL1A1,THBS1,9606.ENSP00000225964,9606.ENSP00000260356,0,457,0,0,457,,CIDEA
COL1A1,COL5A1,9606.ENSP00000225964,9606.ENSP00000360882,0,230,720,0,775,,CIDEC
COL1A1,COL5A2,9606.ENSP00000225964,9606.ENSP00000364000,0,0,720,0,720,,CILP
COL1A1,COL3A1,9606.ENSP00000225964,9606.ENSP00000304408,0,0,900,0,900,,CITED2
COL1A1,COL1A2,9606.ENSP00000225964,9606.ENSP00000297268,0,492,900,0,947,,CKS2
COL1A2,P4HB,9606.ENSP00000297268,9606.ENSP00000327801,0,0,500,0,499,,CLDN3
COL1A2,CRTAP,9606.ENSP00000297268,9606.ENSP00000323696,0,0,500,0,499,,CLDN8
COL1A2,COL5A1,9606.ENSP00000297268,9606.ENSP00000360882,0,230,720,0,775,,CLDND1
COL1A2,COL5A2,9606.ENSP00000297268,9606.ENSP00000364000,0,0,720,0,720,,CLIC6
COL1A2,COL3A1,9606.ENSP00000297268,9606.ENSP00000304408,0,229,900,0,919,,CLIC6
COL3A1,CRTAP,9606.ENSP00000304408,9606.ENSP00000323696,0,0,500,0,499,,CNN3
COL3A1,P4HB,9606.ENSP00000304408,9606.ENSP00000327801,0,0,500,0,499,,CNTNAP3B///CNTNAP3P2///CNTNAP3
COL3A1,COL5A1,9606.ENSP00000304408,9606.ENSP00000360882,0,0,720,0,720,,COL10A1
COL3A1,COL5A2,9606.ENSP00000304408,9606.ENSP00000364000,0,0,720,0,720,,COL10A1
COL5A1,TGFB1,9606.ENSP00000360882,9606.ENSP00000221930,0,405,0,0,404,,COL11A1
COL5A1,CRTAP,9606.ENSP00000360882,9606.ENSP00000323696,0,0,500,0,499,,COL11A1
COL5A1,P4HB,9606.ENSP00000360882,9606.ENSP00000327801,0,0,500,0,499,,COL12A1
COL5A1,COL5A2,9606.ENSP00000360882,9606.ENSP00000364000,0,0,800,0,800,,COL12A1
COL5A2,CRTAP,9606.ENSP00000364000,9606.ENSP00000323696,0,0,500,0,499,,COL12A1
COL5A2,P4HB,9606.ENSP00000364000,9606.ENSP00000327801,0,0,500,0,499,,COL1A1
COL6A1,CRTAP,9606.ENSP00000355180,9606.ENSP00000323696,0,0,500,0,499,,COL1A1
COL6A1,P4HB,9606.ENSP00000355180,9606.ENSP00000327801,0,0,500,0,499,,COL1A2
COL6A1,COL6A6,9606.ENSP00000355180,9606.ENSP00000351310,0,0,400,0,400,,COL3A1
COL6A6,CRTAP,9606.ENSP00000351310,9606.ENSP00000323696,0,0,500,0,499,,COL5A1
COL6A6,P4HB,9606.ENSP00000351310,9606.ENSP00000327801,0,0,500,0,499,,COL5A1
COL8A1,P4HB,9606.ENSP00000261037,9606.ENSP00000327801,0,0,500,0,499,,COL5A2
COL8A1,CRTAP,9606.ENSP00000261037,9606.ENSP00000323696,0,140,500,0,551,,COL5A2
COL8A1,COL8A2,9606.ENSP00000261037,9606.ENSP00000380901,0,292,800,0,852,,COL6A1
COL8A2,CRTAP,9606.ENSP00000380901,9606.ENSP00000323696,0,304,500,0,637,,COL6A6
COL8A2,P4HB,9606.ENSP00000380901,9606.ENSP00000327801,0,0,500,0,499,,COL8A1
COMMD10,UBE2M,9606.ENSP00000274458,9606.ENSP00000253023,0,0,500,0,499,,COL8A2
COMMD10,WSB1,9606.ENSP00000274458,9606.ENSP00000262394,0,0,500,0,499,,COL8A2
COMMD10,KLHL13,9606.ENSP00000274458,9606.ENSP00000419803,0,0,500,0,499,,COMMD10
COMMD10,DDA1,9606.ENSP00000274458,9606.ENSP00000352928,0,0,500,0,499,,COMP
COMMD10,DCAF10,9606.ENSP00000274458,9606.ENSP00000366953,0,0,500,0,499,,COPG2IT1
COMP,ITGB1,9606.ENSP00000222271,9606.ENSP00000379350,0,0,500,0,499,,COPS8
CREB1,NOTCH2,9606.ENSP00000387699,9606.ENSP00000256646,0,0,500,0,499,,CPA3
CRYAB,HSPB2,9606.ENSP00000433560,9606.ENSP00000302476,0,524,0,0,524,,CPEB4
CSNK1A1,PPP1R14A,9606.ENSP00000261798,9606.ENSP00000301242,0,457,0,0,457,,CREB1
CSNK1A1,PPP2R5C,9606.ENSP00000261798,9606.ENSP00000412324,0,0,500,0,499,,CRTAP
CSNK1A1,PPP2R1B,9606.ENSP00000261798,9606.ENSP00000311344,0,0,500,0,499,,CRYAB
CSNK2A1,NOLC1,9606.ENSP00000217244,9606.ENSP00000385410,0,457,0,0,457,,CSNK1A1
CSNK2A1,TOP2A,9606.ENSP00000217244,9606.ENSP00000411532,0,611,0,0,611,,CSNK1A1
CSNK2A1,MME,9606.ENSP00000217244,9606.ENSP00000418525,0,457,0,0,457,,CSNK1A1
CSTA,SERPINE1,9606.ENSP00000264474,9606.ENSP00000223095,0,0,540,0,540,,CSNK1A1
CSTA,PLAU,9606.ENSP00000264474,9606.ENSP00000361850,0,0,540,0,540,,CSNK2A1
CSTA,CTSB,9606.ENSP00000264474,9606.ENSP00000345672,0,963,540,0,982,,CSTA
CTNNA1,MAPRE1,9606.ENSP00000304669,9606.ENSP00000364721,0,422,0,0,422,,CTGF
CTNNA1,SORBS1,9606.ENSP00000304669,9606.ENSP00000360293,0,165,360,0,442,,CTHRC1
CTNNA1,DMD,9606.ENSP00000304669,9606.ENSP00000354923,0,431,0,0,430,,CTNNA1
CTSB,SERPINE1,9606.ENSP00000345672,9606.ENSP00000223095,0,0,540,0,540,,CTSB
CTSB,PLAU,9606.ENSP00000345672,9606.ENSP00000361850,0,0,540,0,540,,CTSS
CTSB,CTSS,9606.ENSP00000345672,9606.ENSP00000357981,0,59,900,0,901,,CX3CL1
CX3CL1,GNB1,9606.ENSP00000006053,9606.ENSP00000367872,0,800,0,0,800,,CX3CL1
CX3CL1,CXCR4,9606.ENSP00000006053,9606.ENSP00000386884,0,0,650,0,650,,CXCL10
CXCL10,CXCL9,9606.ENSP00000305651,9606.ENSP00000354901,0,734,900,0,972,,CXCL2
CXCL10,CXCR4,9606.ENSP00000305651,9606.ENSP00000386884,0,0,650,0,650,,CXCL9
CXCL2,CXCL9,9606.ENSP00000427279,9606.ENSP00000354901,0,734,0,0,734,,CXCR4
CXCL2,CXCR4,9606.ENSP00000427279,9606.ENSP00000386884,0,0,650,0,650,,CXCR4
CXCL9,CXCR4,9606.ENSP00000354901,9606.ENSP00000386884,0,0,650,0,650,,CYB5R3
CYB5R3,HBB,9606.ENSP00000354468,9606.ENSP00000494175,0,0,720,0,720,,CYBRD1
DAAM1,RHOB,9606.ENSP00000378557,9606.ENSP00000272233,0,336,500,0,653,,CYP4Z2P
DAAM1,RHOA,9606.ENSP00000378557,9606.ENSP00000400175,0,549,400,0,717,,CYR61
DAZAP2,HIP1,9606.ENSP00000448051,9606.ENSP00000336747,0,470,0,0,470,,DAAM1
DAZAP2,REEP1,9606.ENSP00000448051,9606.ENSP00000392197,0,493,0,0,493,,DACT1
DCAF10,DDA1,9606.ENSP00000366953,9606.ENSP00000352928,0,184,900,0,914,,DAZAP2
DDX3X,FUS,9606.ENSP00000494040,9606.ENSP00000254108,0,451,0,0,451,,DCAF10
DHX15,SRPK2,9606.ENSP00000336741,9606.ENSP00000377262,0,421,0,0,420,,DCTN4
DICER1,TSN,9606.ENSP00000437256,9606.ENSP00000374332,0,0,540,0,540,,DDA1
DIO2,WSB1,9606.ENSP00000451419,9606.ENSP00000262394,0,483,0,0,483,,DDX3X
DMD,LAMB3,9606.ENSP00000354923,9606.ENSP00000375778,0,0,500,0,499,,DEFB1
DMD,TPM4,9606.ENSP00000354923,9606.ENSP00000494125,0,0,500,0,499,,DGAT2
DNAJB1,HSPH1,9606.ENSP00000254322,9606.ENSP00000487365,0,646,0,0,646,,DGAT2
DNAJC10,P4HB,9606.ENSP00000264065,9606.ENSP00000327801,0,233,360,0,488,,DHX15
DNAJC3,P4HB,9606.ENSP00000473631,9606.ENSP00000327801,0,446,0,0,446,,DICER1
DNAJC3,HSPH1,9606.ENSP00000473631,9606.ENSP00000487365,0,461,0,0,461,,DIO2
DST,LAMB3,9606.ENSP00000307959,9606.ENSP00000375778,0,0,500,0,499,,DLK1
DST,MAPRE1,9606.ENSP00000307959,9606.ENSP00000364721,0,960,0,0,960,,DMD
DST,PLEC,9606.ENSP00000307959,9606.ENSP00000323856,0,0,900,0,900,,DNAJB1
EIF2S3,RPS10-NUDT3,9606.ENSP00000253039,9606.ENSP00000492441,0,867,0,0,867,,DNAJC10
EML4,FN1,9606.ENSP00000320663,9606.ENSP00000346839,0,0,400,0,400,,DNAJC12
EML4,HIP1,9606.ENSP00000320663,9606.ENSP00000336747,0,0,400,0,400,,DNAJC12
EML4,PRKAR1A,9606.ENSP00000320663,9606.ENSP00000376475,0,0,400,0,400,,DNAJC3
EML4,TPM4,9606.ENSP00000320663,9606.ENSP00000494125,0,0,500,0,499,,DSG2
ENO1,PGK1,9606.ENSP00000495530,9606.ENSP00000362413,0,626,0,0,626,,DST
ENSA,PPP2R1B,9606.ENSP00000341743,9606.ENSP00000311344,0,0,500,0,499,,DUSP5
ESR1,FKBP4,9606.ENSP00000405330,9606.ENSP00000001008,0,329,500,0,650,,EBF1
ESR1,MAPK1,9606.ENSP00000405330,9606.ENSP00000215832,0,457,0,0,457,,EDNRB
ESR1,FOXA1,9606.ENSP00000405330,9606.ENSP00000250448,0,457,500,0,716,,EIF2S3
ESR1,TRAM1,9606.ENSP00000405330,9606.ENSP00000262213,0,457,0,0,457,,EIF5A
ESR1,H2BC5,9606.ENSP00000405330,9606.ENSP00000289316,0,124,500,0,543,,ELF5
ESR1,FOS,9606.ENSP00000405330,9606.ENSP00000306245,0,457,900,0,943,,EML4
ESR1,PGR,9606.ENSP00000405330,9606.ENSP00000325120,0,526,700,0,851,,ENO1
ESR1,NRIP1,9606.ENSP00000405330,9606.ENSP00000327213,0,526,500,0,752,,ENPP5
ESR1,FN1,9606.ENSP00000405330,9606.ENSP00000346839,0,900,0,0,900,,ENSA
ESR1,SMC3,9606.ENSP00000405330,9606.ENSP00000354720,0,124,500,0,543,,ENSA
ESR1,TAB2,9606.ENSP00000405330,9606.ENSP00000356426,0,457,0,0,457,,EPPK1
ESR1,H2BC21,9606.ENSP00000405330,9606.ENSP00000358151,0,0,500,0,499,,ERMP1
ESR1,HSP90AB1,9606.ENSP00000405330,9606.ENSP00000360609,0,231,500,0,599,,ERP27
ESR1,GNB1,9606.ENSP00000405330,9606.ENSP00000367872,0,163,500,0,563,,ESR1
ESR1,GATA3,9606.ENSP00000405330,9606.ENSP00000368632,0,526,500,0,752,,ESRP1
ESR1,GREB1,9606.ENSP00000405330,9606.ENSP00000370896,0,457,500,0,716,,ETNK1
ESR1,TRPS1,9606.ENSP00000405330,9606.ENSP00000379065,0,420,0,0,420,,ETNK1
ESR1,FHL1,9606.ENSP00000405330,9606.ENSP00000498684,0,457,0,0,457,,EVL
ESR1,H2BC9,9606.ENSP00000405330,9606.ENSP00000479169,0,0,500,0,499,,EXOSC7///CLEC3B
ESR1,H2BS1,9606.ENSP00000405330,9606.ENSP00000481622,0,0,500,0,499,,EZR
ESRP1,RBFOX2,9606.ENSP00000405738,9606.ENSP00000413035,0,0,500,0,499,,EZR
EVL,RHOA,9606.ENSP00000376652,9606.ENSP00000400175,0,0,500,0,499,,EZR
EZR,SPTBN1,9606.ENSP00000338934,9606.ENSP00000349259,0,0,500,0,499,,FABP4
EZR,RHOA,9606.ENSP00000338934,9606.ENSP00000400175,0,448,0,0,448,,FABP4
EZR,TWF1,9606.ENSP00000338934,9606.ENSP00000449428,0,0,800,0,800,,FABP7
FABP4,LIPE,9606.ENSP00000256104,9606.ENSP00000244289,0,483,700,0,838,,FAM107A
FAM120A,HNRNPC,9606.ENSP00000277165,9606.ENSP00000451291,0,480,0,0,480,,FAM120A
FAM189A2,YWHAE,9606.ENSP00000304435,9606.ENSP00000264335,0,420,0,0,420,,FAM189A2
FAM189A2,YWHAZ,9606.ENSP00000304435,9606.ENSP00000379287,0,421,0,0,420,,FAM214A
FGFR1OP,MAPRE1,9606.ENSP00000355812,9606.ENSP00000364721,0,457,0,0,457,,FAM76A
FGFR3,SH3GL3,9606.ENSP00000339824,9606.ENSP00000320092,0,0,650,0,650,,FAP
FGFR3,HSP90AB1,9606.ENSP00000339824,9606.ENSP00000360609,0,421,0,0,420,,FBN1
FKBP4,STIP1,9606.ENSP00000001008,9606.ENSP00000351646,0,345,500,0,658,,FBP1
FKBP4,PGR,9606.ENSP00000001008,9606.ENSP00000325120,0,89,800,0,810,,FCGR1CP///FCGR1B///FCGR1A
FKBP4,HSP90AB1,9606.ENSP00000001008,9606.ENSP00000360609,0,509,500,0,744,,FCGR3B///FCGR3A
FN1,MAPK1,9606.ENSP00000346839,9606.ENSP00000215832,0,0,500,0,499,,FGFR1OP
FN1,THBS1,9606.ENSP00000346839,9606.ENSP00000260356,0,437,720,0,835,,FGFR3
FN1,HIP1,9606.ENSP00000346839,9606.ENSP00000336747,0,0,400,0,400,,FHL1
FN1,PRKAR1A,9606.ENSP00000346839,9606.ENSP00000376475,0,0,400,0,400,,FIGN
FN1,TPM4,9606.ENSP00000346839,9606.ENSP00000494125,0,0,500,0,499,,FKBP4
FN1,ITGB1,9606.ENSP00000346839,9606.ENSP00000379350,0,952,500,0,974,,FMO2
FOLR1,TMED2,9606.ENSP00000377284,9606.ENSP00000262225,0,0,400,0,400,,FN1
FOLR1,SEC23IP,9606.ENSP00000377284,9606.ENSP00000358071,0,0,500,0,499,,FN1
FOLR1,SAR1B,9606.ENSP00000377284,9606.ENSP00000385432,0,0,500,0,499,,FN1
FOS,FOXA1,9606.ENSP00000306245,9606.ENSP00000250448,0,0,500,0,499,,FN1
FOS,H2BC5,9606.ENSP00000306245,9606.ENSP00000289316,0,0,500,0,499,,FNDC1
FOS,IL6ST,9606.ENSP00000306245,9606.ENSP00000370698,0,422,0,0,422,,FOLR1
FOS,H2BC9,9606.ENSP00000306245,9606.ENSP00000479169,0,0,500,0,499,,FOLR1
FOS,H2BC21,9606.ENSP00000306245,9606.ENSP00000358151,0,0,500,0,499,,FOS
FOS,H2BS1,9606.ENSP00000306245,9606.ENSP00000481622,0,0,500,0,499,,FOXA1
FOS,GATA3,9606.ENSP00000306245,9606.ENSP00000368632,0,221,500,0,593,,FOXA1
FOS,RUNX2,9606.ENSP00000306245,9606.ENSP00000360493,0,457,900,0,943,,FOXC1
FOXA1,XRN2,9606.ENSP00000250448,9606.ENSP00000366396,0,457,0,0,457,,FOXO3B///FOXO3
FOXA1,H2BS1,9606.ENSP00000250448,9606.ENSP00000481622,0,0,500,0,499,,FRG1BP
FOXA1,H2BC5,9606.ENSP00000250448,9606.ENSP00000289316,0,0,500,0,499,,FRYL
FOXA1,H2BC21,9606.ENSP00000250448,9606.ENSP00000358151,0,0,500,0,499,,FSIP1
FOXA1,H2BC9,9606.ENSP00000250448,9606.ENSP00000479169,0,0,500,0,499,,FUS
FOXA1,PGR,9606.ENSP00000250448,9606.ENSP00000325120,0,0,500,0,499,,FXYD1
FOXA1,NRIP1,9606.ENSP00000250448,9606.ENSP00000327213,0,0,800,0,800,,FYTTD1
FOXA1,GATA3,9606.ENSP00000250448,9606.ENSP00000368632,0,457,900,0,943,,G0S2
FOXC1,SRSF1,9606.ENSP00000493906,9606.ENSP00000258962,0,420,0,0,420,,GABRP
FUS,NAA50,9606.ENSP00000254108,9606.ENSP00000240922,0,457,0,0,457,,GADD45B
FUS,XRN2,9606.ENSP00000254108,9606.ENSP00000366396,0,430,0,0,430,,GALNT10
FUS,RBM6,9606.ENSP00000254108,9606.ENSP00000266022,0,436,0,0,436,,GALNT16
FUS,SRSF3,9606.ENSP00000254108,9606.ENSP00000362820,0,205,400,0,502,,GALNT7
FUS,SRSF1,9606.ENSP00000254108,9606.ENSP00000258962,0,214,400,0,508,,GATA3
FUS,HNRNPU,9606.ENSP00000254108,9606.ENSP00000491215,0,464,400,0,664,,GDE1
FUS,HNRNPC,9606.ENSP00000254108,9606.ENSP00000451291,0,464,400,0,664,,GDI2
FUS,SRSF10,9606.ENSP00000254108,9606.ENSP00000420195,0,457,400,0,660,,GDPD5
GATA3,H2BC5,9606.ENSP00000368632,9606.ENSP00000289316,0,0,500,0,499,,GFM1
GATA3,PGR,9606.ENSP00000368632,9606.ENSP00000325120,0,0,500,0,499,,GFRA1
GATA3,NRIP1,9606.ENSP00000368632,9606.ENSP00000327213,0,0,800,0,800,,GFRA1
GATA3,USP21,9606.ENSP00000368632,9606.ENSP00000356981,0,457,700,0,830,,GHR
GATA3,H2BC21,9606.ENSP00000368632,9606.ENSP00000358151,0,0,500,0,499,,GJB2
GATA3,H2BC9,9606.ENSP00000368632,9606.ENSP00000479169,0,0,500,0,499,,GLUL
GATA3,H2BS1,9606.ENSP00000368632,9606.ENSP00000481622,0,0,500,0,499,,GLUL
GDI2,RAB5A,9606.ENSP00000369538,9606.ENSP00000273047,0,597,500,0,790,,GMFB
GDI2,RAB31,9606.ENSP00000369538,9606.ENSP00000461945,0,604,500,0,793,,GNAL
GDI2,RAB1A,9606.ENSP00000369538,9606.ENSP00000387286,0,764,500,0,877,,GNB1
GFM1,MRPS30,9606.ENSP00000264263,9606.ENSP00000424328,0,809,0,0,809,,GOLGA7
GFM1,MRPL42,9606.ENSP00000264263,9606.ENSP00000449884,0,809,0,0,809,,GOLM1
GHR,JAK1,9606.ENSP00000483403,9606.ENSP00000499900,0,292,800,0,852,,GPAM
GNAL,GNB1,9606.ENSP00000334051,9606.ENSP00000367872,0,362,900,0,933,,GPAM
GNB1,SPX,9606.ENSP00000367872,9606.ENSP00000256969,0,800,0,0,800,,GPD1
GNB1,OXTR,9606.ENSP00000367872,9606.ENSP00000324270,0,809,0,0,809,,GPD1
GNB1,PREX1,9606.ENSP00000367872,9606.ENSP00000361009,0,900,0,0,900,,GPIHBP1
GOLGA7,SPTLC2,9606.ENSP00000350378,9606.ENSP00000216484,0,0,900,0,900,,GPM6B
GPIHBP1,LPL,9606.ENSP00000480053,9606.ENSP00000497642,0,964,700,0,988,,GPM6B
GSPT1,RPS10-NUDT3,9606.ENSP00000398131,9606.ENSP00000492441,0,800,0,0,800,,GPM6B
H2BC21,H2BC5,9606.ENSP00000358151,9606.ENSP00000289316,0,800,400,0,874,,GPR146
H2BC21,UBE2N,9606.ENSP00000358151,9606.ENSP00000316176,0,0,500,0,499,,GPR160
H2BC21,SMC4,9606.ENSP00000358151,9606.ENSP00000341382,0,0,500,0,499,,GPRC5A
H2BC21,SMC3,9606.ENSP00000358151,9606.ENSP00000354720,0,0,500,0,499,,GPRC5A
H2BC21,MORF4L2,9606.ENSP00000358151,9606.ENSP00000394417,0,457,0,0,457,,GREB1
H2BC21,MACROH2A1,9606.ENSP00000358151,9606.ENSP00000423563,0,468,0,0,468,,GREB1L
H2BC21,H2BS1,9606.ENSP00000358151,9606.ENSP00000481622,0,385,400,0,615,,GREM1
H2BC21,H2BC9,9606.ENSP00000358151,9606.ENSP00000479169,0,819,400,0,887,,GREM1
H2BC5,UBE2B,9606.ENSP00000289316,9606.ENSP00000265339,0,0,500,0,499,,GSPT1
H2BC5,H2BS1,9606.ENSP00000289316,9606.ENSP00000481622,0,0,400,0,400,,GSPT1
H2BC5,UBE2N,9606.ENSP00000289316,9606.ENSP00000316176,0,0,500,0,499,,GSTM5
H2BC5,SMC4,9606.ENSP00000289316,9606.ENSP00000341382,0,0,500,0,499,,GXYLT2
H2BC5,SMC3,9606.ENSP00000289316,9606.ENSP00000354720,0,0,500,0,499,,GXYLT2
H2BC5,WAC,9606.ENSP00000289316,9606.ENSP00000346986,0,0,500,0,499,,GYG2
H2BC5,H2BC9,9606.ENSP00000289316,9606.ENSP00000479169,0,819,400,0,887,,GYG2
H2BC9,UBE2B,9606.ENSP00000479169,9606.ENSP00000265339,0,0,500,0,499,,H2AFY
H2BC9,UBE2N,9606.ENSP00000479169,9606.ENSP00000316176,0,0,500,0,499,,H2BFS
H2BC9,SMC4,9606.ENSP00000479169,9606.ENSP00000341382,0,0,500,0,499,,HACD3
H2BC9,WAC,9606.ENSP00000479169,9606.ENSP00000346986,0,0,500,0,499,,HACD3
H2BC9,SMC3,9606.ENSP00000479169,9606.ENSP00000354720,0,0,500,0,499,,HBA2///HBA1
H2BC9,H2BS1,9606.ENSP00000479169,9606.ENSP00000481622,0,172,400,0,481,,HBA2///HBA1
H2BS1,UBE2N,9606.ENSP00000481622,9606.ENSP00000316176,0,0,500,0,499,,HBA2///HBA1
H2BS1,SMC4,9606.ENSP00000481622,9606.ENSP00000341382,0,0,500,0,499,,HBA2///HBA1
H2BS1,SMC3,9606.ENSP00000481622,9606.ENSP00000354720,0,0,500,0,499,,HBA2///HBA1
HACD3,SCD5,9606.ENSP00000261875,9606.ENSP00000316329,0,0,900,0,900,,HBA2///HBA1
HBB,HSP90AB1,9606.ENSP00000494175,9606.ENSP00000360609,0,0,500,0,499,,HBB
HIP1,PRKAR1A,9606.ENSP00000336747,9606.ENSP00000376475,0,0,400,0,400,,HBB
HIP1,TPM4,9606.ENSP00000336747,9606.ENSP00000494125,0,0,500,0,499,,HBB
HIPK2,SIAH2,9606.ENSP00000385571,9606.ENSP00000322457,0,457,0,0,457,,HDGFRP3
HNRNPC,SRSF1,9606.ENSP00000451291,9606.ENSP00000258962,0,129,400,0,455,,HDGFRP3
HNRNPC,SRSF3,9606.ENSP00000451291,9606.ENSP00000362820,0,165,400,0,477,,HIP1
HNRNPC,SRSF10,9606.ENSP00000451291,9606.ENSP00000420195,0,0,400,0,400,,HIPK2
HNRNPC,HNRNPU,9606.ENSP00000451291,9606.ENSP00000491215,0,359,720,0,812,,HIST1H2BD
HNRNPU,SRSF1,9606.ENSP00000491215,9606.ENSP00000258962,0,205,400,0,502,,HIST1H2BD
HNRNPU,SRSF3,9606.ENSP00000491215,9606.ENSP00000362820,0,205,400,0,502,,HIST1H2BE
HNRNPU,SRSF10,9606.ENSP00000491215,9606.ENSP00000420195,0,0,400,0,400,,HIST1H2BH
HSP90AB1,PGR,9606.ENSP00000360609,9606.ENSP00000325120,0,68,500,0,514,,HIST1H2BJ///HIST1H2BG
HSP90AB1,STIP1,9606.ENSP00000360609,9606.ENSP00000351646,0,745,720,0,925,,HIST1H2BJ///HIST1H2BG
HSP90AB1,SPAG1,9606.ENSP00000360609,9606.ENSP00000373450,0,79,540,0,558,,HIST2H2AA4///HIST2H2AA3
IL13RA1,JAK1,9606.ENSP00000360730,9606.ENSP00000499900,0,0,650,0,650,,HIST2H2AA4///HIST2H2AA3
IL6ST,JAK1,9606.ENSP00000370698,9606.ENSP00000499900,0,691,900,0,967,,HIST2H2BE
ITGA7,ITGB1,9606.ENSP00000452120,9606.ENSP00000379350,0,292,900,0,926,,HLF
ITGB1,TGFB1,9606.ENSP00000379350,9606.ENSP00000221930,0,0,500,0,499,,HNRNPC
ITGB1,THBS1,9606.ENSP00000379350,9606.ENSP00000260356,0,292,500,0,630,,HOXA5
ITGB1,LAMB3,9606.ENSP00000379350,9606.ENSP00000375778,0,0,650,0,650,,HSP90AB1
ITGB1,SPP1,9606.ENSP00000379350,9606.ENSP00000378517,0,292,500,0,630,,HSPB2
ITGB1,LGALS8,9606.ENSP00000379350,9606.ENSP00000435460,0,457,0,0,457,,HSPH1
KDELR1,TMED2,9606.ENSP00000329471,9606.ENSP00000262225,0,0,400,0,400,,IGHM
KDELR1,RAB1A,9606.ENSP00000329471,9606.ENSP00000387286,0,0,500,0,499,,IGHV3-23///IGHV4-31///IGHM///IGHG4///IGHG3///IGHG1///IGHD///IGHA2///IGHA1///IGH
KDELR1,KDELR3,9606.ENSP00000329471,9606.ENSP00000386918,0,0,900,0,900,,IL13RA1
KDELR3,TMED2,9606.ENSP00000386918,9606.ENSP00000262225,0,0,400,0,400,,IL13RA1
KDELR3,RAB1A,9606.ENSP00000386918,9606.ENSP00000387286,0,0,500,0,499,,IL6ST
KRT14,KRT15,9606.ENSP00000167586,9606.ENSP00000377546,0,0,400,0,400,,INHBA
KRT14,KRT5,9606.ENSP00000167586,9606.ENSP00000252242,0,967,0,0,967,,INHBA
LAMB3,PLEC,9606.ENSP00000375778,9606.ENSP00000323856,0,0,500,0,499,,INMT
LGR6,RSPO3,9606.ENSP00000356247,9606.ENSP00000349131,0,0,500,0,499,,IRX1
LIPE,PLIN1,9606.ENSP00000244289,9606.ENSP00000300055,0,483,0,0,483,,ITGA7
LMOD1,SORBS1,9606.ENSP00000356257,9606.ENSP00000360293,0,0,500,0,499,,ITGB1
LMOD1,TPM4,9606.ENSP00000356257,9606.ENSP00000494125,0,0,500,0,499,,ITGBL1
LMOD1,MYH11,9606.ENSP00000356257,9606.ENSP00000379616,0,0,800,0,800,,ITIH5
LSM4,SRSF1,9606.ENSP00000469468,9606.ENSP00000258962,0,800,0,0,800,,ITIH5
LSM4,PATL1,9606.ENSP00000469468,9606.ENSP00000300146,0,829,800,0,964,,JAK1
LSM4,PRPF4B,9606.ENSP00000469468,9606.ENSP00000337194,0,871,0,0,871,,KCNE4
LSM4,PRPF4,9606.ENSP00000469468,9606.ENSP00000363313,0,956,900,0,995,,KCNN4
M6PR,SCARB2,9606.ENSP00000000412,9606.ENSP00000264896,0,0,400,0,400,,KDELR1
M6PR,TF,9606.ENSP00000000412,9606.ENSP00000385834,0,0,400,0,400,,KDELR3
M6PR,VAMP3,9606.ENSP00000000412,9606.ENSP00000054666,0,0,500,0,499,,KDELR3
MACF1,YWHAE,9606.ENSP00000354573,9606.ENSP00000264335,0,407,0,0,407,,KIAA0101
MACF1,MAPRE1,9606.ENSP00000354573,9606.ENSP00000364721,0,457,0,0,457,,KIAA1033
MAPK1,PPARG,9606.ENSP00000215832,9606.ENSP00000287820,0,457,0,0,457,,KIAA1324
MAPK1,S100B,9606.ENSP00000215832,9606.ENSP00000291700,0,0,500,0,499,,KIF26B
MAPK1,PPP2R1B,9606.ENSP00000215832,9606.ENSP00000311344,0,0,500,0,499,,KLB
MAPK1,MAPKAPK2,9606.ENSP00000215832,9606.ENSP00000356070,0,612,0,0,612,,KLHL13
MAPK1,PPP2R5C,9606.ENSP00000215832,9606.ENSP00000412324,0,292,500,0,630,,KLHL29
MAPRE1,MARCHF7,9606.ENSP00000364721,9606.ENSP00000386830,0,422,0,0,422,,KRT14
MARCHF7,UBE2N,9606.ENSP00000386830,9606.ENSP00000316176,0,457,0,0,457,,KRT15
MCL1,PMAIP1,9606.ENSP00000358022,9606.ENSP00000326119,0,759,540,0,884,,KRT17///JUP
MED23,PPARG,9606.ENSP00000357047,9606.ENSP00000287820,0,0,500,0,499,,KRT17///JUP
MRPL42,MRPS30,9606.ENSP00000449884,9606.ENSP00000424328,0,908,0,0,908,,KRT5
MSH6,PRKDC,9606.ENSP00000234420,9606.ENSP00000313420,0,292,900,0,926,,LAMB3
MSI2,RBFOX2,9606.ENSP00000284073,9606.ENSP00000413035,0,419,0,0,418,,LAMP1
MYH11,SORBS1,9606.ENSP00000379616,9606.ENSP00000360293,0,0,500,0,499,,LAMP5
MYH11,TPM4,9606.ENSP00000379616,9606.ENSP00000494125,0,116,500,0,539,,LAPTM4B
MYO6,PDLIM5,9606.ENSP00000358994,9606.ENSP00000480359,0,0,540,0,540,,LARP4B
MYO6,PICALM,9606.ENSP00000358994,9606.ENSP00000377015,0,575,0,0,575,,LARP4B
NCALD,PICALM,9606.ENSP00000379256,9606.ENSP00000377015,0,0,720,0,720,,LEP
NET1,RHOA,9606.ENSP00000347134,9606.ENSP00000400175,0,946,0,0,946,,LGALS12
NRIP1,PPARG,9606.ENSP00000327213,9606.ENSP00000287820,0,483,0,0,483,,LGALS8
NRIP1,PGR,9606.ENSP00000327213,9606.ENSP00000325120,0,0,500,0,499,,LGR6
NUSAP1,S100P,9606.ENSP00000499238,9606.ENSP00000296370,0,428,0,0,428,,LINC00408
PATL1,PRPF4,9606.ENSP00000300146,9606.ENSP00000363313,0,615,0,0,615,,LIPE
PDK4,UHMK1,9606.ENSP00000005178,9606.ENSP00000420270,0,418,0,0,418,,LMF1
PICALM,VAMP3,9606.ENSP00000377015,9606.ENSP00000054666,0,0,500,0,499,,LMF1
PICALM,PIK3C2A,9606.ENSP00000377015,9606.ENSP00000265970,0,630,0,0,630,,LMOD1
PICALM,TPD52,9606.ENSP00000377015,9606.ENSP00000429309,0,0,500,0,499,,LOC100190986
PIK3C2A,TPD52,9606.ENSP00000265970,9606.ENSP00000429309,0,0,500,0,499,,LOC100190986
PLAU,SERPINE1,9606.ENSP00000361850,9606.ENSP00000223095,0,960,540,0,980,,LOC100288911
PLAU,PLAUR,9606.ENSP00000361850,9606.ENSP00000339328,0,960,900,0,995,,LOC100506558///MATN2
PLAUR,SERPINE1,9606.ENSP00000339328,9606.ENSP00000223095,0,0,500,0,499,,LOC100507311
PPP1R11,PPP1R2,9606.ENSP00000365963,9606.ENSP00000484580,0,444,0,0,444,,LOC100507472///PCSK6
PPP2R1B,PPP2R5C,9606.ENSP00000311344,9606.ENSP00000412324,0,811,800,0,960,,LOC100509457///HLA-DQA2///HLA-DQA1
PRKAR1A,TPM4,9606.ENSP00000376475,9606.ENSP00000494125,0,0,500,0,499,,LOC100653057///CES1
PRKDC,TOP2A,9606.ENSP00000313420,9606.ENSP00000411532,0,434,0,0,434,,LOC101927345///LOC101060632///LOC101059949///ANKRD20A12P
PRPF4,PRPF4B,9606.ENSP00000363313,9606.ENSP00000337194,0,899,0,0,899,,LOC101928625///MED21
PRPF4B,SRSF1,9606.ENSP00000337194,9606.ENSP00000258962,0,416,0,0,416,,LOC101929368///FKBP1A
PRPF4B,SRPK2,9606.ENSP00000337194,9606.ENSP00000377262,0,435,0,0,435,,LOC101929368///FKBP1A
PSEN1,PSENEN,9606.ENSP00000326366,9606.ENSP00000468411,0,972,900,0,997,,LOC101930400///AKR1C2
RAB1A,TMED2,9606.ENSP00000387286,9606.ENSP00000262225,0,360,500,0,666,,LOC101930400///AKR1C2
RAB31,RAB5A,9606.ENSP00000461945,9606.ENSP00000273047,0,600,0,0,600,,LOC285097
RAB5A,RABEP1,9606.ENSP00000273047,9606.ENSP00000445408,0,960,500,0,979,,LOC441666
RAP1GDS1,RASL10A,9606.ENSP00000340454,9606.ENSP00000216101,0,617,0,0,617,,LOXL1
RAP1GDS1,RHOA,9606.ENSP00000340454,9606.ENSP00000400175,0,710,0,0,710,,LPL
RASL10A,RHOA,9606.ENSP00000216101,9606.ENSP00000400175,0,511,0,0,511,,LPL
RHOA,VAMP3,9606.ENSP00000400175,9606.ENSP00000054666,0,162,400,0,475,,LRG1
RHOA,ROPN1,9606.ENSP00000400175,9606.ENSP00000184183,0,0,500,0,499,,LRRC15
RHOA,TGFB1,9606.ENSP00000400175,9606.ENSP00000221930,0,161,500,0,562,,LRRN4CL
RHOA,SNAP23,9606.ENSP00000400175,9606.ENSP00000249647,0,162,500,0,563,,LSM4
RHOA,RHOB,9606.ENSP00000400175,9606.ENSP00000272233,0,399,500,0,686,,LURAP1L
RHOA,VAV3,9606.ENSP00000400175,9606.ENSP00000359073,0,483,0,0,483,,LYPLA1
RHOB,VAMP3,9606.ENSP00000272233,9606.ENSP00000054666,0,163,500,0,563,,LYVE1
RHOB,SNAP23,9606.ENSP00000272233,9606.ENSP00000249647,0,163,500,0,563,,M6PR
RHOB,RHOH,9606.ENSP00000272233,9606.ENSP00000371219,0,0,900,0,900,,MACF1
RHOH,VAMP3,9606.ENSP00000371219,9606.ENSP00000054666,0,125,500,0,543,,MALAT1
ROPN1,ROPN1B,9606.ENSP00000184183,9606.ENSP00000426271,0,501,0,0,501,,MALAT1
RPS10-NUDT3,SEC61A1,9606.ENSP00000492441,9606.ENSP00000243253,0,800,0,0,800,,MALAT1
RRM1,RRM2,9606.ENSP00000300738,9606.ENSP00000353770,0,696,900,0,968,,MALAT1
S100B,S100P,9606.ENSP00000291700,9606.ENSP00000296370,0,637,0,0,637,,MAN2A1
SAE1,UBE2M,9606.ENSP00000270225,9606.ENSP00000253023,0,540,0,0,540,,MAOA
SAR1B,TMED2,9606.ENSP00000385432,9606.ENSP00000262225,0,187,500,0,576,,MAOA
SAR1B,SEC23IP,9606.ENSP00000385432,9606.ENSP00000358071,0,0,500,0,499,,MAOA
SCARB2,TF,9606.ENSP00000264896,9606.ENSP00000385834,0,0,400,0,400,,MAP4K5
SCN3A,SPTBN1,9606.ENSP00000283254,9606.ENSP00000349259,0,0,500,0,499,,MAPK1
SCN3A,SCN4B,9606.ENSP00000283254,9606.ENSP00000322460,0,0,800,0,800,,MAPKAPK2
SCN4B,SPTBN1,9606.ENSP00000322460,9606.ENSP00000349259,0,0,500,0,499,,MAPRE1
SEC23IP,TMED2,9606.ENSP00000358071,9606.ENSP00000262225,0,0,500,0,499,,MARCH7
SEC61A1,TRAM1,9606.ENSP00000243253,9606.ENSP00000262213,0,0,500,0,499,,MBNL1
SLC20A1,UGCG,9606.ENSP00000272542,9606.ENSP00000363397,0,457,0,0,457,,MCCC2
SLPI,SMIM14,9606.ENSP00000342082,9606.ENSP00000295958,0,456,0,0,456,,MCCC2
SMC3,WAPL,9606.ENSP00000354720,9606.ENSP00000298767,0,724,500,0,856,,MCL1
SNAP23,VAMP3,9606.ENSP00000249647,9606.ENSP00000054666,0,573,900,0,955,,MED23
SORBS1,TPM4,9606.ENSP00000360293,9606.ENSP00000494125,0,0,500,0,499,,METTL26
SORBS2,YWHAE,9606.ENSP00000347852,9606.ENSP00000264335,0,552,0,0,552,,MFAP2
SPAG1,STIP1,9606.ENSP00000373450,9606.ENSP00000351646,0,0,540,0,540,,MIA
SPTBN1,TWF1,9606.ENSP00000349259,9606.ENSP00000449428,0,0,500,0,499,,MIAT
SRGN,VCAN,9606.ENSP00000242465,9606.ENSP00000265077,0,422,0,0,422,,MICAL2
SRPK2,SRSF1,9606.ENSP00000377262,9606.ENSP00000258962,0,460,0,0,460,,MID1
SRPK2,SRSF3,9606.ENSP00000377262,9606.ENSP00000362820,0,457,0,0,457,,MIR1248///SNORA81///SNORA4///SNORD2///SNORA63///EIF4A2
SRPK2,SRSF10,9606.ENSP00000377262,9606.ENSP00000420195,0,438,0,0,438,,MIR21///VMP1
SRSF1,SRSF10,9606.ENSP00000258962,9606.ENSP00000420195,0,734,400,0,833,,MIR3620///ARF1
SRSF1,SRSF3,9606.ENSP00000258962,9606.ENSP00000362820,0,561,800,0,908,,MIR452///MIR224///GABRE
SRSF10,SRSF3,9606.ENSP00000420195,9606.ENSP00000362820,0,97,400,0,435,,MIR4680///PDCD4
TAB2,UBE2N,9606.ENSP00000356426,9606.ENSP00000316176,0,0,500,0,499,,MIR4745///PTBP1
TGFB1,THBS1,9606.ENSP00000221930,9606.ENSP00000260356,0,457,0,0,457,,MIR612///NEAT1
TPSAB1,TPSB2,9606.ENSP00000343577,9606.ENSP00000482743,0,200,900,0,916,,MIR612///NEAT1
UBE2B,WAC,9606.ENSP00000265339,9606.ENSP00000346986,0,292,500,0,630,,MLXIPL
UBE2B,UBE2N,9606.ENSP00000265339,9606.ENSP00000316176,0,0,900,0,900,,MME
YWHAE,YWHAH,9606.ENSP00000264335,9606.ENSP00000248975,0,617,500,0,800,,MME
YWHAE,ZFP36L2,9606.ENSP00000264335,9606.ENSP00000282388,0,457,0,0,457,,MMP11
YWHAE,YWHAZ,9606.ENSP00000264335,9606.ENSP00000379287,0,616,500,0,799,,MMP11
YWHAH,ZFP36L2,9606.ENSP00000248975,9606.ENSP00000282388,0,457,0,0,457,,MMP3
YWHAH,YWHAZ,9606.ENSP00000248975,9606.ENSP00000379287,0,725,500,0,856,,MORF4L2
YWHAZ,ZFP36L2,9606.ENSP00000379287,9606.ENSP00000282388,0,457,0,0,457,,MRAS
,,,,,,,,,,MREG
,,,,,,,,,,MRPL42
,,,,,,,,,,MRPS30
,,,,,,,,,,MS4A7
,,,,,,,,,,MS4A7
,,,,,,,,,,MS4A7
,,,,,,,,,,MSH6
,,,,,,,,,,MSI2
,,,,,,,,,,MTUS1
,,,,,,,,,,MUC1
,,,,,,,,,,MUM1L1
,,,,,,,,,,MYH11
,,,,,,,,,,MYO6
,,,,,,,,,,MYOF
,,,,,,,,,,MYZAP
,,,,,,,,,,NAA50
,,,,,,,,,,NAT1
,,,,,,,,,,NCALD
,,,,,,,,,,NDRG2
,,,,,,,,,,NDUFC2-KCTD14///KCTD14
,,,,,,,,,,NECTIN2
,,,,,,,,,,NECTIN2
,,,,,,,,,,NEMF
,,,,,,,,,,NES
,,,,,,,,,,NET1
,,,,,,,,,,NFIB
,,,,,,,,,,NID2
,,,,,,,,,,NOLC1
,,,,,,,,,,NOTCH2
,,,,,,,,,,NPIPA5///NPIPB6///NPIPB8///NPIPB3
,,,,,,,,,,NPNT
,,,,,,,,,,NPR1
,,,,,,,,,,NREP
,,,,,,,,,,NRIP1
,,,,,,,,,,NTRK2
,,,,,,,,,,NTRK2
,,,,,,,,,,NUSAP1
,,,,,,,,,,OAS1
,,,,,,,,,,OLFM4
,,,,,,,,,,OXTR
,,,,,,,,,,P2RX4
,,,,,,,,,,P4HB
,,,,,,,,,,PADI2
,,,,,,,,,,PAMR1
,,,,,,,,,,PARD6B
,,,,,,,,,,PATL1
,,,,,,,,,,PCK1
,,,,,,,,,,PCOLCE2
,,,,,,,,,,PCSK6
,,,,,,,,,,PDE9A
,,,,,,,,,,PDK4
,,,,,,,,,,PDLIM5
,,,,,,,,,,PDLIM5
,,,,,,,,,,PEAR1
,,,,,,,,,,PGK1
,,,,,,,,,,PGM5-AS1
,,,,,,,,,,PGR
,,,,,,,,,,PHGDH
,,,,,,,,,,PICALM
,,,,,,,,,,PIGC
,,,,,,,,,,PIGR
,,,,,,,,,,PIGX
,,,,,,,,,,PIK3C2A
,,,,,,,,,,PIK3C2A
,,,,,,,,,,PIP4K2A
,,,,,,,,,,PIR-FIGF///FIGF
,,,,,,,,,,PKIB
,,,,,,,,,,PLAC9
,,,,,,,,,,PLAU
,,,,,,,,,,PLAUR
,,,,,,,,,,PLEC
,,,,,,,,,,PLEKHF2
,,,,,,,,,,PLIN1
,,,,,,,,,,PLIN4
,,,,,,,,,,PLPP4
,,,,,,,,,,PLXDC2
,,,,,,,,,,PMAIP1
,,,,,,,,,,PNP
,,,,,,,,,,POGK
,,,,,,,,,,POLR3K
,,,,,,,,,,PON2
,,,,,,,,,,POSTN
,,,,,,,,,,PPARG
,,,,,,,,,,PPIF
,,,,,,,,,,PPP1R11
,,,,,,,,,,PPP1R14A
,,,,,,,,,,PPP1R1A
,,,,,,,,,,PPP1R1B
,,,,,,,,,,PPP1R2
,,,,,,,,,,PPP2R1B
,,,,,,,,,,PPP2R5C
,,,,,,,,,,PREX1
,,,,,,,,,,PRIMA1
,,,,,,,,,,PRKAR1A
,,,,,,,,,,PRKDC
,,,,,,,,,,PROM1
,,,,,,,,,,PROSC
,,,,,,,,,,PRPF4
,,,,,,,,,,PRPF4B
,,,,,,,,,,PRR15
,,,,,,,,,,PRRX1
,,,,,,,,,,PSD3
,,,,,,,,,,PSEN1
,,,,,,,,,,PSENEN
,,,,,,,,,,PTER
,,,,,,,,,,PTN
,,,,,,,,,,PTN
,,,,,,,,,,PTN
,,,,,,,,,,PTP4A1
,,,,,,,,,,PTPN12
,,,,,,,,,,RAB1A
,,,,,,,,,,RAB31
,,,,,,,,,,RAB31
,,,,,,,,,,RAB5A
,,,,,,,,,,RABEP1
,,,,,,,,,,RANBP9
,,,,,,,,,,RAP1GDS1
,,,,,,,,,,RAP2B
,,,,,,,,,,RAPGEF3
,,,,,,,,,,RASA1
,,,,,,,,,,RASL10A
,,,,,,,,,,RBFOX2
,,,,,,,,,,RBM47
,,,,,,,,,,RBM6
,,,,,,,,,,RBP4
,,,,,,,,,,RBP7
,,,,,,,,,,REEP1
,,,,,,,,,,REL
,,,,,,,,,,RELN
,,,,,,,,,,RERG
,,,,,,,,,,RGS1
,,,,,,,,,,RGS1
,,,,,,,,,,RGS5
,,,,,,,,,,RHOA
,,,,,,,,,,RHOB
,,,,,,,,,,RHOH
,,,,,,,,,,RHOH
,,,,,,,,,,RIOK3
,,,,,,,,,,RIT1
,,,,,,,,,,RIT1
,,,,,,,,,,RNF150
,,,,,,,,,,RNF150
,,,,,,,,,,ROPN1
,,,,,,,,,,ROPN1
,,,,,,,,,,ROPN1B
,,,,,,,,,,RPRD1A
,,,,,,,,,,RPS10-NUDT3///NUDT3
,,,,,,,,,,RRM1
,,,,,,,,,,RRM2
,,,,,,,,,,RSPO3
,,,,,,,,,,RSRP1
,,,,,,,,,,RUFY3
,,,,,,,,,,RUNX2
,,,,,,,,,,S100B
,,,,,,,,,,S100P
,,,,,,,,,,SAA2-SAA4///SAA2///SAA1
,,,,,,,,,,SAA2///SAA1
,,,,,,,,,,SAE1
,,,,,,,,,,SAMD5
,,,,,,,,,,SAR1B
,,,,,,,,,,SCARA5
,,,,,,,,,,SCARA5
,,,,,,,,,,SCARB2
,,,,,,,,,,SCD5
,,,,,,,,,,SCGB3A1
,,,,,,,,,,SCN3A
,,,,,,,,,,SCN4B
,,,,,,,,,,SCOC
,,,,,,,,,,SCUBE2
,,,,,,,,,,SDHC
,,,,,,,,,,SDPR
,,,,,,,,,,SEC23IP
,,,,,,,,,,SEC61A1
,,,,,,,,,,SECISBP2
,,,,,,,,,,SELT
,,,,,,,,,,SEMA3G
,,,,,,,,,,SEPT2
,,,,,,,,,,SEPT2
,,,,,,,,,,SERINC3
,,,,,,,,,,SERPINE1
,,,,,,,,,,SERPINE1
,,,,,,,,,,SETD5
,,,,,,,,,,SFRP1
,,,,,,,,,,SFRP1
,,,,,,,,,,SFRP1
,,,,,,,,,,SGPL1
,,,,,,,,,,SH3BGRL
,,,,,,,,,,SH3GL3
,,,,,,,,,,SIAH2
,,,,,,,,,,SIK1
,,,,,,,,,,SLC16A6
,,,,,,,,,,SLC16A7
,,,,,,,,,,SLC1A1
,,,,,,,,,,SLC20A1
,,,,,,,,,,SLC28A3
,,,,,,,,,,SLC2A10
,,,,,,,,,,SLC38A1
,,,,,,,,,,SLC39A6
,,,,,,,,,,SLC39A6
,,,,,,,,,,SLC39A6
,,,,,,,,,,SLC44A4
,,,,,,,,,,SLC4A4
,,,,,,,,,,SLC52A2
,,,,,,,,,,SLC6A14
,,,,,,,,,,SLPI
,,,,,,,,,,SMC3
,,,,,,,,,,SMC4
,,,,,,,,,,SMIM10L2B///SMIM10L2A
,,,,,,,,,,SMIM14
,,,,,,,,,,SNAP23
,,,,,,,,,,SNHG4///MATR3
,,,,,,,,,,SNORD14D///SNORD14C///HSPA8
,,,,,,,,,,SOD3
,,,,,,,,,,SORBS1
,,,,,,,,,,SORBS2
,,,,,,,,,,SOX10
,,,,,,,,,,SP110
,,,,,,,,,,SPAG1
,,,,,,,,,,SPP1
,,,,,,,,,,SPTBN1
,,,,,,,,,,SPTLC2
,,,,,,,,,,SPX
,,,,,,,,,,SQLE
,,,,,,,,,,SRGN
,,,,,,,,,,SRPK2
,,,,,,,,,,SRSF1
,,,,,,,,,,SRSF10
,,,,,,,,,,SRSF3
,,,,,,,,,,ST6GAL2
,,,,,,,,,,STIP1
,,,,,,,,,,STOX2
,,,,,,,,,,SULF1
,,,,,,,,,,SULF1
,,,,,,,,,,SULF1
,,,,,,,,,,SULF2
,,,,,,,,,,SUSD3
,,,,,,,,,,SYNM
,,,,,,,,,,SYPL1
,,,,,,,,,,TAB2
,,,,,,,,,,TAGLN2
,,,,,,,,,,TBC1D9
,,,,,,,,,,TBC1D9
,,,,,,,,,,TBL1XR1
,,,,,,,,,,TESC
,,,,,,,,,,TF
,,,,,,,,,,TF
,,,,,,,,,,TFAP2A
,,,,,,,,,,TGFB1
,,,,,,,,,,THBS1
,,,,,,,,,,THRSP
,,,,,,,,,,THY1
,,,,,,,,,,TIMP3
,,,,,,,,,,TIMP4
,,,,,,,,,,TM9SF3
,,,,,,,,,,TMC5
,,,,,,,,,,TMC5
,,,,,,,,,,TMED2
,,,,,,,,,,TMED2
,,,,,,,,,,TMEFF2
,,,,,,,,,,TMEM100
,,,,,,,,,,TMEM132C
,,,,,,,,,,TMEM165
,,,,,,,,,,TMEM230
,,,,,,,,,,TMEM245
,,,,,,,,,,TMEM30A
,,,,,,,,,,TMEM37
,,,,,,,,,,TMEM41B
,,,,,,,,,,TMEM9B
,,,,,,,,,,TMTC1
,,,,,,,,,,TMX1
,,,,,,,,,,TNFRSF12A
,,,,,,,,,,TNFRSF19
,,,,,,,,,,TNMD
,,,,,,,,,,TNS1
,,,,,,,,,,TNXB///TNXA
,,,,,,,,,,TNXB///TNXA
,,,,,,,,,,TNXB///TNXA
,,,,,,,,,,TNXB///TNXA
,,,,,,,,,,TOB1
,,,,,,,,,,TOP2A
,,,,,,,,,,TPD52
,,,,,,,,,,TPD52
,,,,,,,,,,TPM4
,,,,,,,,,,TPM4
,,,,,,,,,,TPP1
,,,,,,,,,,TPSAB1
,,,,,,,,,,TPSAB1
,,,,,,,,,,TPSAB1
,,,,,,,,,,TPSAB1
,,,,,,,,,,TPSB2
,,,,,,,,,,TPSB2///TPSAB1
,,,,,,,,,,TPSB2///TPSAB1
,,,,,,,,,,TRAM1
,,,,,,,,,,TRAPPC11
,,,,,,,,,,TRIM29
,,,,,,,,,,TRIM4
,,,,,,,,,,TRIM59
,,,,,,,,,,TRPS1
,,,,,,,,,,TRPS1
,,,,,,,,,,TSEN15
,,,,,,,,,,TSHZ2
,,,,,,,,,,TSHZ2
,,,,,,,,,,TSN
,,,,,,,,,,TTC39A
,,,,,,,,,,TTC3P1///TTC3
,,,,,,,,,,TUSC5
,,,,,,,,,,TWF1
,,,,,,,,,,UBE2B
,,,,,,,,,,UBE2H
,,,,,,,,,,UBE2H
,,,,,,,,,,UBE2M
,,,,,,,,,,UBE2N
,,,,,,,,,,UBXN4
,,,,,,,,,,UEVLD
,,,,,,,,,,UGCG
,,,,,,,,,,UHMK1
,,,,,,,,,,USP21
,,,,,,,,,,USP38
,,,,,,,,,,VAMP3
,,,,,,,,,,VAV3
,,,,,,,,,,VAV3
,,,,,,,,,,VCAN
,,,,,,,,,,VCAN
,,,,,,,,,,VCAN
,,,,,,,,,,VCAN
,,,,,,,,,,VCAN
,,,,,,,,,,VMP1
,,,,,,,,,,VPS8
,,,,,,,,,,WAC
,,,,,,,,,,WAPL
,,,,,,,,,,WIF1
,,,,,,,,,,WISP1
,,,,,,,,,,WISP1
,,,,,,,,,,WSB1
,,,,,,,,,,XDH
,,,,,,,,,,XIST
,,,,,,,,,,XRN2
,,,,,,,,,,YIPF5
,,,,,,,,,,YWHAE
,,,,,,,,,,YWHAH
,,,,,,,,,,YWHAZ
,,,,,,,,,,ZFP36L2
,,,,,,,,,,ZMYND11
,,,,,,,,,,ZNF12
,,,,,,,,,,ZNF146
,,,,,,,,,,ZNF207
,,,,,,,,,,ZNF281
,,,,,,,,,,ZNF595
,,,,,,,,,,ZNF627
,,,,,,,,,,ZNF652
,,,,,,,,,,ZNF814
,,,,,,,,,,ZWINT